run_started,section,seconds
20260923T105636Z,1,3.332
20260923T105636Z,2,1.984
20260923T105636Z,3,238.441
20260923T105636Z,4,4.538
20260923T105636Z,5,26.724
20260923T105636Z,6,517.234
20260923T105636Z,7,3.119
20260923T111100Z,1,3.452
20260923T111100Z,2,1.621
20260923T111100Z,3,205.393
20260923T111100Z,4,3.283
20260923T111100Z,5,21.309
20260923T111100Z,6,475.091
20260923T111100Z,7,2.651
20260923T123702Z,1,4.408
20260923T123702Z,2,2.222
20260923T123702Z,3,226.195
20260923T123702Z,4,5.134
20260923T123702Z,5,25.308
20260923T123702Z,6,691.882
20260923T123702Z,7,3.462
