date,p0,p1,p2,p3,refit_date
2004-12-31,0.0,0.0,1.0,0.0,2004-12-31
2005-01-31,0.0,0.0,1.0,0.0,2004-12-31
2005-02-28,0.0,0.0,1.0,0.0,2004-12-31
2005-03-31,0.0,0.0,1.0,0.0,2004-12-31
2005-04-30,0.0,0.0,1.0,0.0,2004-12-31
2005-05-31,0.0,0.0,1.0,0.0,2004-12-31
2005-06-30,0.0,0.0,1.0,0.0,2004-12-31
2005-07-31,0.0,0.0,1.0,0.0,2004-12-31
2005-08-31,0.0,0.0,1.0,0.0,2004-12-31
2005-09-30,0.0,0.0,1.0,0.0,2004-12-31
2005-10-31,0.0,0.0,1.0,0.0,2004-12-31
2005-11-30,0.0,0.0,1.0,0.0,2004-12-31
2005-12-31,1.3687438359216843e-27,5.327516744494918e-25,1.2658522271628197e-41,1.0,2005-12-31
2006-01-31,2.740314348460782e-18,1.7173998829563854e-24,4.885730407083235e-48,1.0,2005-12-31
2006-02-28,4.335685274982313e-13,2.9419808366474525e-20,6.119466506343164e-45,0.9999999999995663,2005-12-31
2006-03-31,7.441854506073551e-16,4.085086370657882e-15,1.3717788928166264e-36,0.9999999999999952,2005-12-31
2006-04-30,3.281089814466102e-24,6.6568756753975796e-12,1.1943015444885706e-34,0.9999999999933431,2005-12-31
2006-05-31,6.561967120764514e-25,4.427775975615452e-06,1.2989309402548383e-40,0.9999955722240244,2005-12-31
2006-06-30,5.9835934299891005e-27,2.0565013180217658e-10,1.4120565521484583e-34,0.9999999997943498,2005-12-31
2006-07-31,4.212278444151399e-22,7.458768427113587e-08,5.405825418985293e-35,0.9999999254123157,2005-12-31
2006-08-31,7.996246593435998e-11,0.0002790735477712743,8.697994557889145e-24,0.9997209263722663,2005-12-31
2006-09-30,3.395043701863784e-05,0.018830948530596185,8.115836848271624e-18,0.9811351010323852,2005-12-31
2006-10-31,0.9992023999388352,0.000796339691092691,1.9134669751368715e-20,1.2603700720746836e-06,2005-12-31
2006-11-30,0.22837852396643163,0.0013633421313830802,1.43239908160173e-26,0.7702581339021853,2005-12-31
2006-12-31,5.101312910545672e-247,1.5491349829277137e-147,1.2096487387231752e-60,1.0,2006-12-31
2007-01-31,9.542302735885441e-236,3.8645688374278035e-141,1.7157347361043812e-47,1.0,2006-12-31
2007-02-28,9.192156271523517e-235,1.0438892787828924e-133,2.4125631568672932e-46,1.0,2006-12-31
2007-03-31,4.716520926471703e-224,5.553672042943099e-135,3.0720116553977033e-41,1.0,2006-12-31
2007-04-30,2.6349200137374768e-222,4.017427510499936e-129,2.8506903797156136e-35,1.0,2006-12-31
2007-05-31,1.020229434842987e-213,3.1621382248490997e-122,5.928776022661212e-32,1.0,2006-12-31
2007-06-30,3.145576040925497e-206,3.2368993739290285e-110,4.168635675424556e-25,1.0,2006-12-31
2007-07-31,2.304837902804089e-193,1.680269494842864e-89,7.818370359683575e-20,1.0,2006-12-31
2007-08-31,3.353229783965321e-176,3.3865732261077227e-71,2.4734342998525023e-13,0.9999999999997528,2006-12-31
2007-09-30,2.7745456109481787e-161,6.058581976026128e-62,9.366809808111777e-12,0.9999999999906333,2006-12-31
2007-10-31,3.7639484629029947e-159,8.560553582670925e-57,1.1020962932641667e-16,0.9999999999999999,2006-12-31
2007-11-30,2.2123910224826045e-157,1.9614071554229133e-53,3.284226342941529e-08,0.9999999671577365,2006-12-31
2007-12-31,1.343946453261847e-252,3.343641866416784e-25,0.9999992984035236,7.015964763053843e-07,2007-12-31
2008-01-31,6.219130240324715e-262,3.831874190244124e-34,0.9999999999927094,7.29058469418298e-12,2007-12-31
2008-02-29,1.4150966444709057e-274,9.589174283695641e-55,0.9999999998508209,1.4917906710435778e-10,2007-12-31
2008-03-31,7.222622778972646e-262,2.9365330682714003e-44,0.9999999999998772,1.2277113462536096e-13,2007-12-31
2008-04-30,6.253866865254346e-253,4.77703286236904e-37,0.9999980002634977,1.9997365022777533e-06,2007-12-31
2008-05-31,6.976442123451856e-240,1.3684461831899672e-20,0.9999346392534846,6.5360746515458e-05,2007-12-31
2008-06-30,7.333903093646446e-257,1.3270895850916207e-18,0.9999999707403984,2.9259601603274233e-08,2007-12-31
2008-07-31,2.7938750218393646e-265,2.44296512596487e-25,0.9999943845246139,5.6154753861542745e-06,2007-12-31
2008-08-31,9.68782572180755e-277,4.119830735548444e-20,0.5883487452518713,0.4116512547481286,2007-12-31
2008-09-30,1.1531583464867296e-281,2.7114140153935984e-13,0.9999999999997288,1.1402791800882883e-27,2007-12-31
2008-10-31,1.64677068820652e-302,1.0940006497402737e-17,1.0,4.1943053110756e-74,2007-12-31
2008-11-30,0.0,3.4028655834763353e-09,0.9999999965971343,2.0612511734719696e-87,2007-12-31
2008-12-31,9.870824434468144e-239,1.0,1.2487682321955362e-31,7.22847726838993e-62,2008-12-31
2009-01-31,1.8573443463992464e-252,1.0,1.4200306864583216e-27,9.800007598844767e-75,2008-12-31
2009-02-28,1.3706631325241166e-258,1.0,3.3735442759584906e-27,1.5088456472569597e-74,2008-12-31
2009-03-31,6.650711559668682e-288,1.0,1.822126410248481e-25,4.3016905374331497e-51,2008-12-31
2009-04-30,1.9256364502322964e-276,1.0,1.0331688867522845e-20,4.410917062553945e-50,2008-12-31
2009-05-31,5.214011181912404e-258,1.0,1.2009248388447187e-18,6.341222395220148e-52,2008-12-31
2009-06-30,6.331887516853337e-254,1.0,5.345084243363564e-19,6.729090411432424e-49,2008-12-31
2009-07-31,1.5893972820788191e-261,0.9999999999999986,1.470884893215474e-15,2.8557883959069448e-40,2008-12-31
2009-08-31,6.05802121488885e-262,0.9999999999995886,4.114412319878796e-13,5.5821015538908846e-36,2008-12-31
2009-09-30,4.071097277252417e-249,0.9999927631954613,7.236804538766667e-06,7.305124987445869e-26,2008-12-31
2009-10-31,1.1758177600747087e-232,3.031200757923587e-14,0.9999999999999696,9.926132256882008e-27,2008-12-31
2009-11-30,8.481775986337933e-279,3.1658856597916613e-15,0.9999999999999651,3.1738135180384097e-14,2008-12-31
2009-12-31,0.0,5.9193237347472104e-08,0.9999999408067627,1.1649125219220067e-84,2009-12-31
2010-01-31,0.0,1.8983335159948112e-05,0.9999810166648401,2.8307751339646313e-89,2009-12-31
2010-02-28,0.0,7.18528773872227e-08,0.9999999281471227,3.528497565696325e-94,2009-12-31
2010-03-31,0.0,1.172909881244856e-10,0.9999999998827089,9.81067914974657e-92,2009-12-31
2010-04-30,0.0,2.6130005782705657e-08,0.9999999738699942,1.3892967720038844e-92,2009-12-31
2010-05-31,0.0,0.5067253534310775,0.49327464656892245,2.2165660931144087e-76,2009-12-31
2010-06-30,0.0,0.9955092130576632,0.0044907869423368215,3.8831926602112354e-80,2009-12-31
2010-07-31,0.0,3.5503162043229625e-11,0.9999999999644968,7.242015411080896e-87,2009-12-31
2010-08-31,0.0,4.5455536077664614e-08,0.9999999545444639,1.4164196097469597e-77,2009-12-31
2010-09-30,0.0,1.6173399027426712e-10,0.999999999838266,3.224865724077941e-83,2009-12-31
2010-10-31,0.0,4.932299627212523e-16,0.9999999999999996,4.485132906369545e-85,2009-12-31
2010-11-30,0.0,2.5263213591752385e-11,0.9999999999747368,1.317472783561563e-80,2009-12-31
2010-12-31,4.399486975615395e-55,5.227039865785912e-44,1.0,1.5691029674931803e-47,2010-12-31
2011-01-31,2.18864111982926e-59,5.20463839617204e-35,1.0,1.1434237713611511e-55,2010-12-31
2011-02-28,4.218025310759059e-67,4.71483046958434e-31,1.0,1.0409960723654965e-48,2010-12-31
2011-03-31,9.522369655489951e-59,1.590248161385436e-35,1.0,2.2255853219614773e-48,2010-12-31
2011-04-30,2.6519682979281045e-59,9.738649176339632e-39,1.0,1.0725975796079133e-50,2010-12-31
2011-05-31,3.0103598580174474e-66,3.7774314304740687e-26,1.0,9.211763744971662e-48,2010-12-31
2011-06-30,7.697493289296406e-66,1.340274681202374e-19,1.0,1.1690963078250518e-44,2010-12-31
2011-07-31,2.850784928703757e-65,1.477990994866512e-11,0.99999999998522,5.951275083889467e-41,2010-12-31
2011-08-31,1.2977666319919568e-62,1.7467639256412166e-09,0.999999998253236,1.5198674097593356e-33,2010-12-31
2011-09-30,7.053583976089643e-52,3.178404254852592e-10,0.9999999996821596,2.1882529416845913e-25,2010-12-31
2011-10-31,1.7599974910739093e-41,1.6520406940512123e-15,0.9999999999999984,2.5544039085744406e-29,2010-12-31
2011-11-30,6.596217378815105e-45,6.6606388842606445e-18,1.0,2.6695596678316876e-29,2010-12-31
2011-12-31,1.0246846400772729e-48,9.482178384948021e-18,1.0,1.8780150109530913e-18,2011-12-31
2012-01-31,4.531892893752713e-40,1.0563511026442524e-19,0.9999999999999992,7.568382610138693e-16,2011-12-31
2012-02-29,6.541159256354773e-36,2.8687049400839812e-21,0.9999999999999999,9.805623812627417e-17,2011-12-31
2012-03-31,5.541383093649631e-30,1.141206023937322e-32,0.9999999999999999,7.849675260523475e-17,2011-12-31
2012-04-30,4.232919902475641e-32,1.5279810366582248e-29,0.9999999999999191,8.08902482199297e-14,2011-12-31
2012-05-31,3.992219242504405e-34,9.795601643874036e-27,0.9999999999999738,2.6253779914357416e-14,2011-12-31
2012-06-30,2.668302783037209e-26,3.0627975649817245e-30,0.9999999999864098,1.3590222515914516e-11,2011-12-31
2012-07-31,3.4936003545259234e-28,1.5956589562746778e-26,0.9999999999986713,1.3286322435948657e-12,2011-12-31
2012-08-31,3.174617551642951e-35,6.312268874601557e-23,0.999999999999953,4.6972178200890744e-14,2011-12-31
2012-09-30,2.558915171372081e-48,7.855300158013053e-19,0.9999999999854647,1.4535292861615395e-11,2011-12-31
2012-10-31,7.532084700192604e-43,8.179677133377162e-24,0.999999999942343,5.7656991100413845e-11,2011-12-31
2012-11-30,3.81225754317499e-45,3.327958180796939e-25,0.9999999368357338,6.316426622167324e-08,2011-12-31
2012-12-31,1.9028636000844854e-12,3.0268493073290424e-40,0.9999999999980971,8.453723428946998e-24,2012-12-31
2013-01-31,1.0540684891112636e-15,1.1288147941107529e-41,0.999999999999999,8.703682231425559e-32,2012-12-31
2013-02-28,3.5440119976732745e-12,4.398118409835202e-43,0.9999999999964561,7.548981859699018e-30,2012-12-31
2013-03-31,7.397761149956992e-13,4.240162490642807e-44,0.9999999999992603,6.2160469840459335e-25,2012-12-31
2013-04-30,7.06685366659545e-12,3.303629503542918e-47,0.9999999999929332,3.7985330448135384e-27,2012-12-31
2013-05-31,2.6779584206155628e-17,8.609311755283627e-38,1.0,1.7289439719030037e-29,2012-12-31
2013-06-30,1.1051726013446384e-17,9.171669669598559e-41,1.0,8.828503695764611e-35,2012-12-31
2013-07-31,3.464135278256236e-21,1.0073319825522818e-48,1.0,3.060808308171921e-36,2012-12-31
2013-08-31,3.715144721499493e-18,1.1000033325845747e-47,1.0,1.5190516215528647e-32,2012-12-31
2013-09-30,1.1075036980530492e-15,4.917905916289668e-47,0.9999999999999989,2.496000400183441e-32,2012-12-31
2013-10-31,4.054766819723568e-16,1.8266104579045093e-48,0.9999999999999996,5.434003524661356e-34,2012-12-31
2013-11-30,1.1274127514987122e-16,7.676670997136208e-53,0.9999999999999999,1.9810769639586135e-38,2012-12-31
2013-12-31,2.2932090864907546e-95,8.019432426265789e-26,1.0,2.9316463066508606e-48,2013-12-31
2014-01-31,5.954498639368786e-101,5.91421862908684e-21,1.0,1.7182282979047207e-44,2013-12-31
2014-02-28,2.388136560317663e-99,3.817685775051038e-19,1.0,4.608547202713388e-42,2013-12-31
2014-03-31,1.2817000379935715e-93,1.5744223875857616e-19,1.0,1.6107941341742534e-38,2013-12-31
2014-04-30,7.874539801501614e-89,4.601952306086331e-22,1.0,1.8500056996778752e-39,2013-12-31
2014-05-31,1.0471667029096267e-81,4.412541748718843e-17,1.0,1.4326130957853361e-36,2013-12-31
2014-06-30,1.5679763285779747e-71,3.249565628506996e-17,1.0,9.816380690654339e-38,2013-12-31
2014-07-31,7.052682744375671e-77,6.591253735267748e-17,0.9999999999999999,2.97491723251499e-37,2013-12-31
2014-08-31,1.4377068339642895e-59,1.1625634559015368e-18,1.0,1.0004603226508821e-32,2013-12-31
2014-09-30,3.6625154506910417e-62,6.142509880464236e-16,0.9999999999999994,3.6543953041947666e-31,2013-12-31
2014-10-31,1.22427552724494e-53,8.35810319939384e-18,1.0,8.17807900930889e-29,2013-12-31
2014-11-30,1.7155798683420105e-43,7.426976802030536e-18,1.0,9.89438112522504e-24,2013-12-31
2014-12-31,5.2237573906056306e-18,3.3230726519017306e-53,1.0,1.276467095392053e-22,2014-12-31
2015-01-31,1.1462789465793963e-18,1.3411609576925586e-54,1.0,9.206354765181979e-26,2014-12-31
2015-02-28,4.9221519955236285e-23,1.919238026118338e-68,1.0,7.539369734827175e-23,2014-12-31
2015-03-31,1.052174559189129e-26,1.0694187593605725e-65,1.0,1.2098893680201361e-24,2014-12-31
2015-04-30,5.746348377019162e-32,4.899049405775968e-57,1.0,1.4584318672576226e-17,2014-12-31
2015-05-31,4.129984317950121e-26,9.769460656363608e-56,1.0,6.662744413139789e-18,2014-12-31
2015-06-30,2.9876373192107477e-23,8.254507873047151e-47,1.0,8.329706299533764e-18,2014-12-31
2015-07-31,1.2493263670264704e-25,7.871632592076658e-63,0.9999999999999999,1.1357439325814171e-16,2014-12-31
2015-08-31,5.4404649186470953e-17,2.1237198256041958e-38,1.0,1.939108281024551e-21,2014-12-31
2015-09-30,1.1250345603132085e-16,3.653438352208607e-36,0.9999999999999999,7.139094864913915e-18,2014-12-31
2015-10-31,7.426343246277878e-24,4.683718278397584e-41,0.9999999999992997,7.002986656685289e-13,2014-12-31
2015-11-30,4.89732472438563e-22,7.113361937541213e-35,0.9999999999878131,1.2186872980269427e-11,2014-12-31
2015-12-31,3.711959168868592e-125,1.64872226749035e-22,0.9999452665979824,5.47334020175258e-05,2015-12-31
2016-01-31,2.411116559708678e-124,3.891825380200495e-23,0.9999996898024642,3.101975357963955e-07,2015-12-31
2016-02-29,2.4049119705723777e-122,1.0633541617571403e-23,0.9999986857462311,1.3142537688826613e-06,2015-12-31
2016-03-31,1.8620004009340957e-122,2.1952462846806214e-19,0.6822728407615927,0.3177271592384074,2015-12-31
2016-04-30,3.183921373246724e-117,2.7084589083384234e-11,0.016518640128259755,0.9834813598446557,2015-12-31
2016-05-31,6.865100445276881e-117,1.9104257404842232e-13,0.0009453444398786866,0.9990546555599302,2015-12-31
2016-06-30,1.6831648312416104e-114,8.81050387987738e-10,0.00021625333962212086,0.9997837457793275,2015-12-31
2016-07-31,1.2818777969449785e-116,3.4984138547817467e-15,4.789661500189338e-06,0.9999952103384963,2015-12-31
2016-08-31,8.412021457950266e-116,5.948819108082764e-13,8.803963105465039e-10,0.9999999991190088,2015-12-31
2016-09-30,4.786857653616267e-117,2.4302774828773667e-11,3.074263870171179e-11,0.9999999999449546,2015-12-31
2016-10-31,1.5157200256858982e-115,5.513944581940192e-09,1.847012652497455e-10,0.9999999943013541,2015-12-31
2016-11-30,5.697883665779027e-118,4.0628321193178524e-10,3.1769147836702103e-12,0.9999999995905399,2015-12-31
2016-12-31,1.2305466039176065e-111,6.820225381287694e-11,0.9907243509425666,0.009275648989231167,2016-12-31
2017-01-31,1.9189404283580822e-112,2.1529606438182358e-08,0.816574322246788,0.18342565622360546,2016-12-31
2017-02-28,9.543685941363858e-121,4.664765644010956e-10,0.7846665674180827,0.21533343211544068,2016-12-31
2017-03-31,1.0899490575856266e-112,7.057306692062708e-07,0.4307977175036445,0.5692015767656863,2016-12-31
2017-04-30,4.480501690303751e-100,0.0012769216172032096,0.06732455304562776,0.931398525337169,2016-12-31
2017-05-31,2.5014315734361165e-97,0.015268447106215468,0.04127195736854944,0.9434595955252351,2016-12-31
2017-06-30,5.1613080045722946e-101,2.6627191030398546e-05,0.007586316038265449,0.992387056770704,2016-12-31
2017-07-31,1.996513191040935e-107,3.055373885088142e-06,0.003191993215893441,0.9968049514102215,2016-12-31
2017-08-31,4.255781812629824e-103,0.0002916531079718731,0.06410781090941362,0.9356005359826145,2016-12-31
2017-09-30,1.943602370797134e-106,0.00025177621090777366,0.17776936499032184,0.8219788587987704,2016-12-31
2017-10-31,5.307501272278208e-107,0.0011420668166346735,0.7247477470234831,0.2741101861598823,2016-12-31
2017-11-30,1.4348188514945632e-96,0.0010035068913058433,0.9859193194081459,0.01307717370054835,2016-12-31
2017-12-31,7.648610867479006e-23,6.271356599389462e-08,0.007350763589143287,0.9926491736972907,2017-12-31
2018-01-31,1.8379032079882415e-20,1.0558213400355322e-07,0.046879530697168055,0.953120363720698,2017-12-31
2018-02-28,4.878621164047417e-18,3.73973525806834e-08,0.9877329193230988,0.012267043279548572,2017-12-31
2018-03-31,6.393607640301504e-16,3.131989620141219e-09,0.9999654726141779,3.452425383187972e-05,2017-12-31
2018-04-30,1.343092343335152e-16,1.4834813594110069e-09,0.9999225478196074,7.745069691102918e-05,2017-12-31
2018-05-31,1.298290836360479e-17,3.92095268915731e-09,0.9997445506445485,0.00025544543449879483,2017-12-31
2018-06-30,4.990337796132883e-16,2.4159200620981175e-10,0.9999294808900325,7.051886837496707e-05,2017-12-31
2018-07-31,3.9230460264587226e-15,2.7359550750494234e-09,0.9998925993124302,0.0001073979516107798,2017-12-31
2018-08-31,3.0982851377258044e-14,8.827619651059561e-10,0.9995863264118516,0.0004136727053554683,2017-12-31
2018-09-30,4.2118181722668275e-12,4.60311136784776e-09,0.9999275317652664,7.246362741048315e-05,2017-12-31
2018-10-31,3.269481803686515e-08,1.2890338012544643e-07,0.9999997999201969,3.84816049030156e-08,2017-12-31
2018-11-30,1.3467916200131677e-09,1.0392939378253632e-07,0.9999998705424087,2.4181405879174883e-08,2017-12-31
2018-12-31,0.9917401510354724,8.943889858557864e-42,0.00825978747603385,6.148849371548753e-08,2018-12-31
2019-01-31,0.999991463180196,4.630193972992118e-26,7.945984867913002e-08,8.457359955321413e-06,2018-12-31
2019-02-28,0.9999930934417025,1.8778369749297322e-19,8.849562739448225e-09,6.897708734762015e-06,2018-12-31
2019-03-31,0.9996316886082343,2.5553252281389834e-19,1.8563165849872453e-10,0.00036831120613408074,2018-12-31
2019-04-30,0.9991063787252229,8.953265984614303e-17,7.071600036216368e-09,0.0008936142031769718,2018-12-31
2019-05-31,0.9938498843071283,6.331639190554441e-18,0.00010963363498810619,0.006040482057883599,2018-12-31
2019-06-30,0.9951662120025746,1.6171025612575126e-19,3.5293248324292743e-06,0.004830258672592974,2018-12-31
2019-07-31,0.9878568473970073,2.5287862641746694e-14,0.00013244541804704893,0.012010707184920253,2018-12-31
2019-08-31,0.18866161842335644,2.0186114565152744e-12,0.025196725218637087,0.7861416563559879,2018-12-31
2019-09-30,0.0033400340292092773,1.3080910577294306e-13,0.00012022739688569111,0.9965397385737742,2018-12-31
2019-10-31,8.234511109915394e-05,1.9757469061169293e-11,2.048129895751198e-07,0.9999174500561538,2018-12-31
2019-11-30,6.181704115809151e-07,1.7420804206864036e-09,1.464711881402324e-11,0.9999993800728608,2018-12-31
2019-12-31,4.0969598416765746e-05,1.2941657881901164e-06,0.9999577360453875,1.9040759933005172e-10,2019-12-31
2020-01-31,2.2367916748297697e-08,7.154712618095491e-09,0.9999999701385605,3.3881008804310267e-10,2019-12-31
2020-02-29,4.3444057140811636e-23,1.0838957710736204e-09,0.9999999989161036,5.634971227566376e-16,2019-12-31
2020-03-31,3.4027159230447304e-38,2.566787158408125e-17,1.0,1.133531488872908e-22,2019-12-31
2020-04-30,6.251911686163231e-19,7.364700304364079e-09,0.9999999926352997,5.190302745163496e-29,2019-12-31
2020-05-31,4.015191676144535e-06,0.9999959848083239,8.77879803011045e-19,9.149071660447241e-60,2019-12-31
2020-06-30,1.9814429954439552e-07,0.9999998018557004,1.0316688836148422e-27,8.881754812253046e-47,2019-12-31
2020-07-31,1.6640287155326223e-06,0.9999983359712133,7.121748524075804e-14,4.653369394003085e-22,2019-12-31
2020-08-31,0.3071745417994686,0.6901476193094376,0.0026468922135145503,3.094667757931735e-05,2019-12-31
2020-09-30,2.2475549935394257e-06,0.0027508875477966974,0.994710681888156,0.0025361830090536715,2019-12-31
2020-10-31,1.1705755057338953e-10,1.6339074792318914e-07,0.9999915388112877,8.297680906862666e-06,2019-12-31
2020-11-30,3.5799533696745603e-06,5.595927789691762e-07,0.9999957921485246,6.830532672198518e-08,2019-12-31
2020-12-31,0.00022656219987312722,0.9997734378001133,7.941210352439838e-24,1.3635748768806721e-14,2020-12-31
2021-01-31,0.012444763579846417,0.9875552357517623,1.1187918836049535e-20,6.683913073427916e-10,2020-12-31
2021-02-28,0.9995216473703189,0.00047697923834884103,2.5203022834283488e-18,1.3733913320782946e-06,2020-12-31
2021-03-31,0.9999999995910052,1.0391913580392243e-10,1.6925950735865114e-23,3.050756332278937e-10,2020-12-31
2021-04-30,0.9999999999999879,3.274706412418475e-16,8.475874332980074e-21,1.1823657730338397e-14,2020-12-31
2021-05-31,0.9999999999999858,2.5325083406538203e-17,1.4119442501700974e-14,1.0709198460254715e-30,2020-12-31
2021-06-30,0.9999999999894641,9.86132187444521e-19,1.0535934250028932e-11,1.1776094999123775e-31,2020-12-31
2021-07-31,0.9999999987045607,6.762700339202933e-17,1.2954391820629722e-09,8.808985295370018e-23,2020-12-31
2021-08-31,0.9999999989758414,5.676120440757246e-17,1.0241563705972423e-09,2.3140672115835754e-15,2020-12-31
2021-09-30,0.9999999998579625,9.463235524036596e-14,1.4194050316605278e-10,2.3672778867359753e-15,2020-12-31
2021-10-31,0.9999999999930533,1.747078571663651e-19,6.9466737706127965e-12,4.058047382122556e-18,2020-12-31
2021-11-30,0.9999730604235516,2.807481058212396e-10,2.693929569406818e-05,6.245138510866013e-15,2020-12-31
2021-12-31,0.9999689132917031,5.366666320155441e-19,3.108670828679532e-05,1.0013003618885848e-14,2021-12-31
2022-01-31,0.950902039358981,6.076074696230451e-10,0.04909796003341094,6.27579413128325e-16,2021-12-31
2022-02-28,0.0026648119106980127,1.2271506069070073e-05,0.9973229165832328,1.0971221890781104e-16,2021-12-31
2022-03-31,8.30806087969582e-09,1.1176993810585735e-10,0.9999999915801692,6.6222275869407e-23,2021-12-31
2022-04-30,9.32517517188787e-20,1.1158077863509476e-12,0.9999999999988841,3.4485861949770007e-28,2021-12-31
2022-05-31,1.4560438892890984e-21,3.747160847667198e-14,0.9999999999999626,9.514420643495367e-25,2021-12-31
2022-06-30,4.040828498747082e-28,1.2768708347747077e-15,0.9999999999999988,9.318471896857792e-27,2021-12-31
2022-07-31,6.126172184343524e-27,1.2679494382326683e-17,1.0,2.8574519180893934e-24,2021-12-31
2022-08-31,2.1893040461574552e-35,3.4782325472433166e-18,1.0,9.83141469518846e-25,2021-12-31
2022-09-30,1.8214715171100848e-49,1.518065121254724e-20,1.0,2.3146756144401868e-22,2021-12-31
2022-10-31,9.103452377318874e-56,4.853742289992551e-22,1.0,2.4259813219796047e-23,2021-12-31
2022-11-30,4.421630109088994e-48,1.5012444078557382e-16,0.9999999999999999,6.181730373540242e-20,2021-12-31
2022-12-31,1.9151747292569694e-61,1.7648688002746258e-29,1.5062899559222687e-08,0.9999999849371004,2022-12-31
2023-01-31,9.373703078234458e-63,6.063442328385095e-21,1.836253855482223e-07,0.9999998163746144,2022-12-31
2023-02-28,1.1224401122918586e-62,1.1020516683593497e-28,7.68721513477871e-12,0.9999999999923127,2022-12-31
2023-03-31,1.2004442404931805e-60,2.2727944179439198e-14,3.3081314345840445e-06,0.9999966918685427,2022-12-31
2023-04-30,4.848191642937159e-46,1.4901470710727965e-08,0.000416522065765286,0.999583463032764,2022-12-31
2023-05-31,5.7986456588389556e-49,2.5792094716998838e-12,2.417374187265315e-06,0.9999975826232336,2022-12-31
2023-06-30,1.7510515859066183e-54,2.6205819075285297e-11,5.918011006464412e-07,0.9999994081726936,2022-12-31
2023-07-31,5.509344906246097e-49,1.0952049861042108e-13,1.2265724890445333e-06,0.9999987734274014,2022-12-31
2023-08-31,5.932486807491825e-50,1.089551461591576e-09,3.9667909329671686e-05,0.9999603310011189,2022-12-31
2023-09-30,3.42477930798926e-49,1.3992343090770948e-10,0.0001392187317806259,0.999860781128296,2022-12-31
2023-10-31,3.591043115254094e-54,8.392234520473724e-12,6.538355212845761e-06,0.999993461636395,2022-12-31
2023-11-30,6.18324109846696e-45,2.5422422333456613e-07,6.915059598503162e-05,0.9999305951797917,2022-12-31
2023-12-31,5.638064476225054e-55,4.277997700139823e-14,1.7799505384017335e-18,0.9999999999999571,2023-12-31
2024-01-31,6.4442714710852806e-52,3.807042464393355e-12,3.314968178217997e-18,0.999999999996193,2023-12-31
2024-02-29,3.2166111284967254e-53,2.0864498614541433e-14,1.1154300751733503e-17,0.9999999999999791,2023-12-31
2024-03-31,8.755338404795743e-52,1.5253305549117428e-13,2.3683815513362264e-18,0.9999999999998475,2023-12-31
2024-04-30,7.520116505730368e-58,5.306752586443901e-16,4.010253418082482e-20,0.9999999999999994,2023-12-31
2024-05-31,3.3825434626887754e-56,3.824235625891873e-14,4.798089644825315e-20,0.9999999999999618,2023-12-31
2024-06-30,5.022318469574299e-51,4.754530888381969e-14,6.614177326802191e-20,0.9999999999999525,2023-12-31
2024-07-31,1.3544412804345383e-51,1.380985151193336e-12,2.387874710896772e-21,0.999999999998619,2023-12-31
2024-08-31,1.0090263678752006e-45,1.2696349845719961e-10,4.6801162854122344e-20,0.9999999998730366,2023-12-31
2024-09-30,4.692621992330509e-45,2.804703107743813e-12,5.617265503038523e-21,0.9999999999971952,2023-12-31
2024-10-31,3.4664991910236076e-53,5.448870340958099e-15,1.1464483451150028e-26,0.9999999999999946,2023-12-31
2024-11-30,4.714681862064068e-47,2.39372999527749e-13,2.3531891142889907e-25,0.9999999999997606,2023-12-31
2024-12-31,5.188762805959823e-22,3.4714192235980767e-09,0.00035806504683130573,0.9996419314817495,2024-12-31
2025-01-31,6.700377074260273e-25,5.766336912348001e-11,0.0015735130745697433,0.9984264868677669,2024-12-31
2025-02-28,1.056813361720106e-26,5.719519247476796e-08,0.19128997352672464,0.8087099692780828,2024-12-31
2025-03-31,1.1343941198872007e-24,8.666857381758432e-07,0.7911506642375058,0.20884846907675603,2024-12-31
2025-04-30,1.4999496678559152e-26,1.6658663918274353e-06,0.9974200688738275,0.002578265259780604,2024-12-31
2025-05-31,3.9825544884709697e-25,5.308329437433523e-07,0.9864213472369424,0.013578121930113875,2024-12-31
2025-06-30,1.0162757379830361e-23,5.450089926361957e-07,0.9924801801610993,0.007519274829908096,2024-12-31
2025-07-31,9.516544000648871e-23,2.2283463809272505e-07,0.9563225061467101,0.04367727101865185,2024-12-31
2025-08-31,6.947274998545341e-21,1.5996216535465558e-06,0.8657340951611148,0.13426430521723162,2024-12-31
2025-09-30,1.9114965495388713e-19,1.6820220679528245e-06,0.7919289586138648,0.20806935936406726,2024-12-31
2025-10-31,1.765210334809473e-21,4.3496593278396955e-06,0.8337773668505223,0.16621828349014994,2024-12-31
2025-11-30,4.0358059845151454e-20,4.903764272443875e-06,0.8627869874203786,0.13720810881534884,2024-12-31
2025-12-31,9.833900022726521e-21,0.000312134132043208,3.5343459775049025e-11,0.9996878658326133,2025-12-31
2026-01-31,1.439479903398592e-21,0.0007992138936993061,1.4077939529233847e-10,0.9992007859655212,2025-12-31
2026-03-31,3.158203363041478e-18,0.2807359568522243,2.8040978166828378e-05,0.7192360021696089,2025-12-31
2026-04-30,2.620116850227244e-13,0.1386581898539227,0.027233148561871534,0.8341086615839437,2025-12-31
2026-05-31,1.0574008315397324e-14,0.0013733341333620388,0.009105646713931905,0.9895210191526955,2025-12-31
2026-06-30,5.76013974107613e-17,0.00021762274235720603,0.00034195140528782495,0.9994404258523549,2025-12-31
2026-07-31,3.3860950529931165e-22,0.0006275762911863948,5.010272940073626e-07,0.9993719226815196,2025-12-31
