date,p0,p1,p2,p3
1991-01-31,0.0,0.0,7.4e-323,1.0
1991-02-28,1.1091030462057647e-235,1.3706226791993955e-97,2.6203502344052273e-12,0.9999999999972715
1991-03-31,1.3706226791993955e-97,7.649609375750273e-99,9.01437609963652e-16,1.0
1991-04-30,7.649609375746796e-99,3.890554088017556e-98,1.295349561587431e-16,1.0
1991-05-31,3.890554088017556e-98,1.9120785881337915e-100,2.4466076885952233e-18,1.0
1991-06-30,1.912078588132922e-100,4.505505800702567e-99,1.1349770511980492e-18,1.0
1991-07-31,4.505505800704616e-99,1.9258375922021626e-92,1.4069531233652417e-21,1.0
1991-08-31,1.9258375922021626e-92,1.637429285510275e-96,5.726684311328593e-21,1.0
1991-09-30,1.637429285510275e-96,9.999002310707026e-94,1.1339792345600962e-18,1.0
1991-10-31,9.999002309852187e-94,2.0622743632983847e-87,1.1146497403973408e-25,1.0
1991-11-30,2.0622743632936953e-87,1.8464237919833278e-81,5.686194889519013e-29,1.0
1991-12-31,1.8464237919833278e-81,1.5534862899994859e-82,8.694592303365096e-24,1.0
1992-01-31,1.5534862896038775e-82,3.4282493585896707e-81,1.2165614383931908e-33,1.0
1992-02-29,3.4282493585912297e-81,1.351840383758874e-92,1.7466536535538941e-28,1.0
1992-03-31,1.351840383754571e-92,9.184115719239453e-89,1.8291947978622154e-24,1.0
1992-04-30,9.184115719147572e-89,5.9547237596433795e-87,2.8651176396000337e-30,1.0
1992-05-31,5.95472375957839e-87,3.3117782460561504e-84,1.660028039695726e-28,1.0
1992-06-30,3.3117782460425964e-84,7.968143838190289e-82,1.6545857328044873e-31,1.0
1992-07-31,7.968143838190289e-82,9.886422755396564e-85,5.9729657200297785e-31,1.0
1992-08-31,9.885932103750744e-85,1.1776976018525318e-73,1.9189201716431555e-34,1.0
1992-09-30,1.1776976018519963e-73,4.808993779687039e-76,6.003983259500728e-41,1.0
1992-10-31,4.808993779684852e-76,2.9267643784216504e-79,7.866010615194233e-40,1.0
1992-11-30,2.926764215912752e-79,7.304827533111972e-77,1.0794281103429898e-34,1.0
1992-12-31,7.304827533111972e-77,3.2074609149282964e-76,1.4050690309862194e-37,1.0
1993-01-31,3.207460914929755e-76,2.6077388721174993e-78,1.142661183258451e-36,1.0
1993-02-28,2.6077388721163132e-78,5.5296919509965255e-83,3.766198195549945e-33,1.0
1993-03-31,5.5296919509965255e-83,6.530668212227044e-75,2.2464608184283978e-30,1.0
1993-04-30,6.530668212227044e-75,2.696223428050499e-72,7.20040332737438e-34,1.0
1993-05-31,2.696223428050499e-72,1.955271453004965e-60,1.5223923999281716e-25,1.0
1993-06-30,1.955271453004965e-60,1.2999131203893436e-69,2.1952539021578328e-25,1.0
1993-07-31,1.3024144857697424e-69,2.5881863675124427e-58,3.2684730278746035e-25,1.0
1993-08-31,2.5881863675136196e-58,4.047104978699318e-59,4.7062435788803363e-23,1.0
1993-09-30,4.047147918792393e-59,1.0667915769251687e-55,9.043439491963602e-21,1.0
1993-10-31,1.0667915769251687e-55,1.9823961027241706e-62,1.2681318068843901e-17,1.0
1993-11-30,1.9823961057117062e-62,6.3229823391511425e-52,6.71785264213396e-20,1.0
1993-12-31,6.322982339027502e-52,9.366561870105693e-48,2.6839187218117214e-20,1.0
1994-01-31,9.366561870105693e-48,1.644390155237417e-53,5.857757361599043e-20,1.0
1994-02-28,1.6443901552456427e-53,1.6927933784702708e-50,4.614501327994639e-18,1.0
1994-03-31,1.6927871306422747e-50,1.643192667487153e-50,4.848856145867854e-19,1.0
1994-04-30,1.6431926666674333e-50,1.881562099868715e-53,8.514341369516501e-17,1.0
1994-05-31,1.881562099868715e-53,1.0262110839185501e-57,1.0784802633155904e-13,1.0
1994-06-30,1.0262046939860706e-57,5.518955166269234e-52,1.690083719678623e-12,0.999999999998181
1994-07-31,5.51895516500433e-52,1.761727187888914e-50,3.678616148729429e-12,0.999999999996362
1994-08-31,1.761727187888914e-50,4.086422968983462e-62,5.043817152515128e-12,0.9999999999949978
1994-09-30,4.086422968983462e-62,1.2271245814050891e-68,2.2266978130188363e-12,0.9999999999977263
1994-10-31,1.2271245814050891e-68,7.10166917849851e-79,5.620115405166941e-12,0.999999999994543
1994-11-30,7.10166917849851e-79,2.8733570602829034e-75,3.919166170423194e-08,0.9999999608085098
1994-12-31,2.87335706028029e-75,2.5107352802025374e-66,5.891153404302645e-09,0.9999999941087481
1995-01-31,2.5107352802013957e-66,6.927849472562969e-59,8.91742405255516e-08,0.9999999108258675
1995-02-28,6.927849472556668e-59,1.2363412784316313e-55,1.517511317860744e-07,0.9999998482490016
1995-03-31,6.87980360159609e-56,5.878027481152899e-47,2.3376273427024115e-09,0.9999999976625986
1995-04-30,1.48734197434646e-50,7.171818255650092e-40,1.8241836510891358e-09,0.9999999981760084
1995-05-31,7.170540593067452e-40,3.914129088880736e-37,3.3722312960576525e-08,0.999999966277756
1995-06-30,3.914129088708082e-37,3.2977320521531166e-42,1.9969256940057603e-07,0.9999998003072705
1995-07-31,3.280761123166022e-42,2.0637185405253106e-36,6.075225834949147e-07,0.9999993924772779
1995-08-31,2.0637185405224952e-36,4.75086431419353e-42,3.7499442821130715e-06,0.9999962500557837
1995-09-30,4.750864314189209e-42,2.58169343363687e-45,1.3439178016872728e-05,0.9999865608217925
1995-10-31,2.58169343363687e-45,2.3840728832659483e-45,3.802740597305648e-05,0.9999619725940766
1995-11-30,2.3840728832659483e-45,2.1563249190232544e-49,1.323304232430064e-06,0.9999986766956341
1995-12-31,2.156324919024235e-49,7.495674949723988e-48,3.448228310100832e-06,0.9999965517718344
1996-01-31,7.495674949723988e-48,1.21805436353992e-49,5.409262989190814e-06,0.9999945907371384
1996-02-29,1.2180543635388122e-49,2.2053285962236817e-43,1.6783567709911052e-06,0.9999983216430779
1996-03-31,2.2053285962246846e-43,4.151831470301264e-49,3.129050215816792e-05,0.9999687094980569
1996-04-30,4.1518314702993765e-49,9.177937805395569e-50,1.1868350434358965e-06,0.9999988131651429
1996-05-31,9.177937782332018e-50,4.0366380709028705e-42,1.6747930003679755e-06,0.9999983252069269
1996-06-30,4.0366380709010347e-42,1.0717596996942076e-51,1.0190223035753106e-05,0.9999898097767868
1996-07-31,1.0717596996917707e-51,9.021792596195235e-47,5.330217712052849e-05,0.9999466978228874
1996-08-31,9.021687779862564e-47,1.1386965357424936e-39,5.899769954243659e-05,0.999941002300262
1996-09-30,1.1386584137509391e-39,4.448565488618789e-34,0.0019287333429501134,0.9980712666568591
1996-10-31,4.448478798670012e-34,5.413062548237161e-29,0.012871099429625577,0.9871289005704333
1996-11-30,5.413062548239621e-29,6.510240189092627e-33,0.04606539224613765,0.9539346077539846
1996-12-31,6.510240182058446e-33,1.3937019592346912e-33,0.07606535649026835,0.9239346435097846
1997-01-31,1.3937019592340574e-33,9.393390636193088e-39,0.1325962854019991,0.8674037145979251
1997-02-28,9.393390636193088e-39,2.989760269692745e-45,0.5150167467069056,0.4849832532932105
1997-03-31,2.989760269628844e-45,2.758121696196588e-45,0.7535050619241481,0.24649493807567238
1997-04-30,2.7581216961953337e-45,6.778100969569147e-47,0.9984312131427576,0.0015687868571407392
1997-05-31,6.778100969470512e-47,1.0047176364405007e-44,0.9998779320170379,0.0001220679831786767
1997-06-30,1.0035031295823013e-44,1.2997323809161382e-36,0.9999997067944125,2.9320550492850085e-07
1997-07-31,1.2997323809167292e-36,2.90701663636712e-47,0.9999998190319438,1.8096791302677586e-07
1997-08-31,2.9070166211725333e-47,4.624663059134278e-41,0.999999930291781,6.970829141996857e-08
1997-09-30,4.62466305911535e-41,4.8156255784594125e-40,0.9999996789456933,3.210544704889295e-07
1997-10-31,4.8156197003851255e-40,6.948163942412446e-35,0.9999999997712621,2.2891587158872427e-10
1997-11-30,6.948163941900582e-35,2.6061033703914e-36,0.9999999871261025,1.2873686815219575e-08
1997-12-31,2.606103369554706e-36,1.3000121977474765e-34,0.9999999994552127,5.446017027254955e-10
1998-01-31,1.3000121977468853e-34,1.7923174609896227e-34,0.9999999941669557,5.832947763129692e-09
1998-02-28,1.7923174609896227e-34,1.4250581201438695e-37,0.9999999788205971,2.1179211801016216e-08
1998-03-31,1.4250581159678905e-37,1.0725158299952704e-35,0.9999999999636202,3.626932146006487e-11
1998-04-30,1.0724711730979195e-35,3.837476009314302e-30,0.9999999981832843,1.8166802497369312e-09
1998-05-31,3.837475988347142e-30,3.023050601921528e-31,0.9999999892879714,1.0711952334116527e-08
1998-06-30,3.023050601920153e-31,8.967793381800102e-35,0.9999998044254617,1.9557434107987488e-07
1998-07-31,8.96768580807865e-35,3.1856768430736693e-26,0.999999805831995,1.941679432679302e-07
1998-08-31,1.5457213390553927e-29,2.505983822314213e-18,0.9999999999809006,1.9276767152804995e-11
1998-09-30,2.0986204055633222e-19,5.072326644223961e-14,0.9999999999740794,2.575779046190667e-11
1998-10-31,5.0717745052403386e-14,2.557500697002862e-16,0.9999997810032495,2.1899689603916284e-07
1998-11-30,2.317463244373917e-16,9.997849779906373e-17,0.9999999548863353,4.511362149963001e-08
1998-12-31,8.943213959689607e-17,1.6223601410985055e-15,0.9999993680846451,6.319153470399495e-07
1999-01-31,1.6223570399733047e-15,4.7327379872539013e-20,0.9999991016019919,8.983979413629606e-07
1999-02-28,4.6270810864561493e-20,2.48012184581234e-20,0.9999980455082551,1.954491899776681e-06
1999-03-31,2.4753237333859806e-20,3.890835426526138e-19,0.9999987878057326,1.2121943217338226e-06
1999-04-30,3.890780278841315e-19,2.3272341331585546e-21,0.9999992676046485,7.323953708813416e-07
1999-05-31,2.326985573835652e-21,2.870110392492207e-22,0.999962532641137,3.746735903091343e-05
1999-06-30,2.8701103863852922e-22,6.477463330698953e-26,0.9999524913013195,4.750869849018234e-05
1999-07-31,6.477463121654957e-26,3.970478999076634e-28,0.9999963236659188,3.6763342517732578e-06
1999-08-31,3.9704462424383676e-28,1.975705352135042e-27,0.9999999924416443,7.558525724760998e-09
1999-09-30,1.9757053521314482e-27,1.266127471314066e-30,0.9999997648501725,2.3514982291510989e-07
1999-10-31,1.2661274715403429e-30,9.792292550769251e-32,0.9999886035829166,1.1396417183546364e-05
1999-11-30,9.792292550769251e-32,1.311371252802779e-37,0.9999999666056288,3.339454039950783e-08
1999-12-31,1.3113712528021827e-37,9.788382755286152e-46,0.9999999250767387,7.49234567712043e-08
2000-01-31,9.7883827552817e-46,2.5534861077894123e-49,0.9999995178392308,4.821605784910858e-07
2000-02-29,2.5534857428561234e-49,2.742011831300469e-37,0.9968439251950707,0.003156074805038681
2000-03-31,2.7420118313017154e-37,8.341055583947492e-38,0.00011774929620838844,0.9998822507040186
2000-04-30,8.341055583947492e-38,3.1597304479760603e-43,6.121461367408234e-06,0.9999938785386809
2000-05-31,3.159729949346021e-43,3.1337624902848672e-37,3.4106748971259513e-07,0.9999996589327238
2000-06-30,3.1337624900810823e-37,2.0408644237994513e-35,2.6618149771161493e-07,0.9999997338186758
2000-07-31,2.0308186064687139e-35,1.4005038447294242e-28,0.00017271559913781072,0.9998272844008873
2000-08-31,1.4005038447294242e-28,2.194739995940678e-39,0.0002631803877955899,0.9997368196122107
2000-09-30,2.1947557717503804e-39,4.492264159225494e-37,0.836129891153847,0.16387010884620992
2000-10-31,4.492264159223451e-37,7.242142574811655e-41,0.9877622328404649,0.012237767159372142
2000-11-30,7.24214257447244e-41,2.9703085736182518e-31,0.9999463900667873,5.3609933050221254e-05
2000-12-31,2.9703085735993413e-31,1.136829079961771e-27,0.9999798378557765,2.016214421366515e-05
2001-01-31,1.136829079961771e-27,3.571856222314809e-28,0.9970445602467343,0.0029554397534001416
2001-02-28,3.5718561799662647e-28,1.5908632428647136e-23,0.9891756596046366,0.010824340395566463
2001-03-31,1.5908632428661603e-23,5.107282550122867e-33,0.0050780982238097525,0.9949219017762396
2001-04-30,2.992045757794328e-35,2.8283100369514743e-23,1.3084336458213353e-07,0.9999998691564628
2001-05-31,6.850081405335699e-29,1.4682294313405814e-16,3.063432840965034e-14,1.0
2001-06-30,6.732368756427827e-21,4.988076762024707e-10,8.4249482067094795e-19,0.9999999995011422
2001-07-31,6.979582249058319e-14,0.000928735562644789,3.694352561654628e-15,0.9990712644371718
2001-08-31,6.96501293335876e-12,0.9999085273654791,5.990969823948215e-17,9.147262755854859e-05
2001-09-30,1.6852106093972306e-09,0.9999999983147063,1.3681449079484406e-38,5.348988789421221e-16
2001-10-31,1.8549832121558496e-08,0.9999999814499463,6.086858831726167e-48,2.6520271453012203e-27
2001-11-30,1.6475985157734832e-09,0.9999999983524503,1.2074467354925746e-54,4.068107509687644e-37
2001-12-31,1.1328112802247925e-10,0.9999999998867679,1.0264826751396813e-63,1.7797849113544177e-48
2002-01-31,2.0662294873692877e-11,0.9999999999795364,5.633771003234888e-67,2.717266902518757e-64
2002-02-28,1.2847054159284954e-08,0.9999999871529326,1.9686145128350205e-57,2.0044140679351784e-75
2002-03-31,8.825599776635733e-09,0.9999999911742634,1.5511191071950812e-40,7.562106987327751e-68
2002-04-30,2.2668999780284103e-08,0.9999999773308448,7.383893723599917e-38,8.317607451338416e-49
2002-05-31,3.9674732796472535e-08,0.9999999603251134,7.795025567997677e-32,3.4033926794010894e-46
2002-06-30,8.199847327169531e-06,0.9999918001526242,6.313429496172637e-32,8.65527168867639e-43
2002-07-31,0.0037208801677617153,0.9962791198320413,1.3184613977610107e-44,5.9619389751181515e-46
2002-08-31,0.08973337021295677,0.9102666297871652,2.3915387855259404e-39,9.972505969945918e-62
2002-09-30,0.817719724522956,0.18228027547686074,4.2964502214597023e-38,3.199510676050704e-60
2002-10-31,0.9962583926208725,0.0037416073789811573,2.181784944264674e-47,1.4702607641659644e-57
2002-11-30,0.9998554129819934,0.000144587017953536,1.7901286465627968e-42,5.9076503169276235e-67
2002-12-31,0.9999999847486835,1.5251207291398013e-08,5.0186953866755766e-45,4.530816630028844e-64
2003-01-31,0.9999999103210979,8.967884524155007e-08,1.0674496269855681e-46,4.385769027179931e-73
2003-02-28,0.9999999916658453,8.334198754516287e-09,4.214542094440098e-44,2.838534817774872e-74
2003-03-31,0.9999999782839952,2.1715804615723907e-08,1.149636594303641e-42,5.62981796568648e-63
2003-04-30,0.9999995750255032,4.249747006357507e-07,3.2894149236613683e-45,4.5717765268137776e-63
2003-05-31,0.9999999999308784,6.894886162053245e-11,8.720904172296967e-37,8.564993692052598e-64
2003-06-30,0.9999999990636752,9.363095923367458e-10,9.440407245992599e-44,1.4431366264906137e-55
2003-07-31,0.999993772760098,6.2272398948677255e-06,3.813754230835304e-64,6.252332739700421e-69
2003-08-31,0.9999984888611428,1.5111386774037472e-06,6.2494114169098094e-62,8.656249469089927e-91
2003-09-30,0.9999999999949978,4.982913379960805e-12,3.1782653261746804e-55,2.4052882741633267e-82
2003-10-31,0.9999999982942427,1.7059388401650802e-09,3.868902236314195e-52,2.3156336362761814e-77
2003-11-30,0.9999999974706952,2.529297715099857e-09,6.219996288668988e-47,2.2330466186491667e-76
2003-12-31,0.9999999999995453,4.867350930623014e-13,1.0593283729884202e-54,8.194725723178944e-69
2004-01-31,0.9999999998763087,1.2359378398600064e-10,7.259849959378552e-54,1.1697033924677718e-76
2004-02-29,0.9999999999940883,5.702694426121221e-12,6.012215036711054e-53,3.765175079483689e-70
2004-03-31,0.9999999997103259,2.8987506332598664e-10,1.012077958005377e-46,4.4421680504069005e-71
2004-04-30,0.999999993381607,6.618180984059914e-09,1.0374013467252186e-48,7.810252261208827e-68
2004-05-31,0.999999999998181,1.9493628153923773e-12,1.1054820376643681e-51,2.6015355862293255e-64
2004-06-30,1.0,1.1932293512211127e-13,5.0926435444733904e-42,4.911734776552576e-62
2004-07-31,0.9999999999863576,1.3790834690665385e-11,5.929025765620276e-37,1.3576865787852294e-54
2004-08-31,0.9999999999977263,2.470260053020563e-12,1.7260465344284418e-38,1.1385111316351806e-52
2004-09-30,1.0,1.0979938737733884e-15,5.0417605735599855e-31,5.433456386657376e-49
2004-10-31,0.9999999999499778,5.0163553280608435e-11,6.262213858650261e-31,3.4782506375294004e-49
2004-11-30,0.9999999999968168,3.283813991349668e-12,1.5671891786142598e-25,4.0147367168172205e-43
2004-12-31,0.9999999999968168,3.2807495060505675e-12,1.0560108710864729e-17,3.8760293261922495e-33
2005-01-31,0.9999999989076969,4.972610827927982e-15,1.0922821937003607e-09,1.8638001032387062e-23
2005-02-28,0.9999665282666106,9.63132793948239e-11,3.347163685605304e-05,4.473666476983728e-18
2005-03-31,0.9901899924607873,7.366412457124486e-10,0.009810006802454238,1.0680689821724446e-13
2005-04-30,0.5947530482114728,1.7281758168039827e-08,0.4052469343859935,1.2100021404101627e-10
2005-05-31,0.15314387475263244,2.3255007694395123e-17,0.8468561252439167,3.2746862983493307e-12
2005-06-30,0.031599461160067406,1.4042418314677807e-23,0.9684005386887405,1.5100480447976853e-10
2005-07-31,0.0006706626802741221,6.078085210984345e-19,0.9993292946414039,4.2678266055332896e-08
2005-08-31,3.161784970955022e-05,7.342726661775746e-18,0.9999683821002672,5.0060461945437785e-11
2005-09-30,5.81978865866505e-07,7.632458327133415e-22,0.9999994145989043,3.4224430478269665e-09
2005-10-31,2.6394015240600295e-10,7.113667290823155e-20,0.9999999997362465,8.895192889049925e-18
2005-11-30,6.011851795828131e-12,1.3857410980161842e-30,0.9999999999936335,2.6963111694723677e-13
2005-12-31,2.883286983001964e-13,3.227761096731722e-33,0.9999986567463492,1.3432531643665908e-06
2006-01-31,7.772443822220997e-17,8.991009388472696e-19,0.999999999958618,4.133620364540192e-11
2006-02-28,9.286260148041898e-19,1.793644170460409e-22,0.9999995658073236,4.341925430673685e-07
2006-03-31,4.406023018998858e-22,1.270479158614568e-24,0.999987979048403,1.2020951378312444e-05
2006-04-30,1.3238604788840524e-24,3.5151829484478206e-23,0.9999999494771158,5.052286087630156e-08
2006-05-31,3.515182185192904e-23,1.4887112083466344e-18,0.9999986350672081,1.3649326666261945e-06
2006-06-30,1.4887112078558185e-18,8.097982458730294e-20,0.9999998862240382,1.1377599192767052e-07
2006-07-31,8.098200538359469e-20,8.877552632881369e-16,0.999997694754185,2.305245999530402e-06
2006-08-31,8.877552668148982e-16,2.6750736269066074e-19,0.9999874462765911,1.2553723354853688e-05
2006-09-30,2.9922682568825473e-19,1.4921435668045504e-19,0.9999436124553946,5.638754467116265e-05
2006-10-31,1.4921556880788795e-19,3.990704995808487e-20,0.9999591647508645,4.083524930242617e-05
2006-11-30,3.9907050799681e-20,9.827737091405109e-19,0.9999999999954525,4.699973500330089e-12
2006-12-31,9.771663130275498e-19,1.1295283043426039e-15,1.0,2.2598975635943471e-13
2007-01-31,1.1295282899198255e-15,2.4225084183671575e-18,0.9999684927736389,3.150722620421516e-05
2007-02-28,2.4313554222527163e-18,2.3435375901533193e-15,0.9999834936100238,1.6506389766322595e-05
2007-03-31,2.3434470096305583e-15,5.4411949607541316e-15,0.9999874973836413,1.2502616491990925e-05
2007-04-30,5.4390584592204776e-15,6.320402596355144e-14,0.9999923729546758,7.627045401122842e-06
2007-05-31,9.681277528373102e-16,2.1558843003239433e-09,0.9999940108347981,5.987009453621934e-06
2007-06-30,1.9549883189851068e-16,2.277942306047415e-05,0.9999770225006219,1.9807637863034162e-07
2007-07-31,6.56151596535608e-14,0.005059383885969283,0.9949383633464741,2.2527676642045795e-06
2007-08-31,5.389553982849375e-10,0.2278359404472089,0.7721534248012962,1.0634212728343235e-05
2007-09-30,1.4934366463948202e-07,0.9783471191173042,0.021652729623490723,1.9153482055915555e-09
2007-10-31,0.00032348825172348833,0.9987102969271597,0.0009662148209217723,1.5395951002362663e-13
2007-11-30,0.18110116820576633,0.8188988317706052,2.3701920116058874e-11,4.822669330660874e-17
2007-12-31,0.9208991447206593,0.07910085527931482,6.625102956012533e-15,2.628221958025186e-25
2008-01-31,0.9999131093180874,8.689068208503478e-05,3.155559905975312e-26,7.393127054251021e-34
2008-02-29,0.9999999561687228,4.383131219939727e-08,5.129950553033318e-37,1.8687921938809016e-48
2008-03-31,0.9999999751553336,2.4844873456338555e-08,3.4461148404613985e-36,2.676258952208983e-57
2008-04-30,0.999999945918718,5.40813919366053e-08,8.459211473839544e-26,1.0600225020032777e-52
2008-05-31,0.9999999305496228,6.945041945874428e-08,5.719076729808235e-21,1.780642458474074e-41
2008-06-30,0.9999995070085185,4.929915514174078e-07,2.562958479990884e-18,1.8308952756312193e-35
2008-07-31,0.9999716397512011,2.8360248703411767e-05,1.2027427174290507e-18,1.4751423666354827e-33
2008-08-31,0.9999082756072118,9.172439258969677e-05,2.873561679961501e-14,3.874205725081088e-33
2008-09-30,0.02471996893870856,0.9752800310613234,1.4393573756027675e-31,5.528968990675805e-28
2008-10-31,3.9783123448019777e-10,0.9999999996020961,5.792480099830256e-82,7.538663274420301e-43
2008-11-30,5.054079537584991e-11,0.999999999949523,1.3479514814847161e-83,1.0727827888232019e-70
2008-12-31,3.899137214148752e-11,0.9999999999608917,1.0643110908319758e-72,3.2963680866390782e-108
2009-01-31,7.195368322873533e-15,1.0,2.3695069462603348e-112,2.234308219516771e-120
2009-02-28,3.2256202494041967e-15,1.0,5.5515465110571075e-129,4.7013483276963613e-147
2009-03-31,2.465120399393916e-15,1.0,1.2804814572867345e-111,2.5170178654959198e-152
2009-04-30,2.6158184924506112e-15,1.0,1.3733465906294036e-118,1.8761050607054525e-133
2009-05-31,6.604401285069496e-13,0.9999999999995453,6.974702456627347e-118,1.9280983778243263e-140
2009-06-30,1.0062303497734473e-12,0.9999999999990905,9.014124093746546e-114,1.0373844118541273e-139
2009-07-31,1.7656053982263575e-12,0.999999999998181,8.901906466925313e-101,1.9598795719570845e-134
2009-08-31,6.719357035979961e-11,0.9999999999326974,1.6775716355740485e-93,5.420559557668002e-122
2009-09-30,2.814233134141478e-05,0.9999718576686152,6.5214273992095785e-74,1.1356402533519205e-113
2009-10-31,0.8715252169135892,0.12847478308626684,6.15247095689909e-62,2.2029734118768878e-98
2009-11-30,0.9998720984382249,0.00012790156166039696,1.0505711014456755e-62,8.987727382611303e-97
2009-12-31,0.9999999978181222,2.181736991160624e-09,2.0889878186430176e-73,1.482220255490226e-94
2010-01-31,0.999999859933733,1.4006605837815384e-07,1.0240573710682993e-71,5.52682316076039e-105
2010-02-28,0.9999999943820512,5.618172202709866e-09,9.43862806098627e-70,4.784578949718204e-102
2010-03-31,0.9999999996457518,3.542853547469862e-10,1.7453629094486946e-71,6.879847804069991e-95
2010-04-30,0.9999999773463062,2.265360152994911e-08,2.4404040056731713e-67,1.109341530299007e-93
2010-05-31,0.9999999505330391,4.946673803951111e-08,1.0741197349463697e-69,5.160741293082968e-84
2010-06-30,0.9999999983374437,1.6624611849614086e-09,3.56840535358664e-71,1.8497994171586292e-92
2010-07-31,1.0,5.566454326458429e-16,3.066831052998611e-73,2.0118742468008603e-87
2010-08-31,1.0,2.2462711752257013e-17,4.195469273001791e-59,3.066645672583508e-85
2010-09-30,1.0,2.2476560053402344e-16,3.3796792637254706e-59,5.5836076171649043e-73
2010-10-31,1.0,6.482586771555125e-17,2.9667861399662562e-61,2.3134230388076488e-70
2010-11-30,1.0,1.8311768331118126e-15,2.1907858920224523e-67,9.819216343278352e-75
2010-12-31,1.0,1.2626275921732682e-16,1.9611214636471797e-69,1.0345186836290663e-74
2011-01-31,0.9999999999990905,7.075779284824659e-13,2.281110092448929e-73,4.0258868188542675e-82
2011-02-28,0.9999999999977263,2.3479512627787092e-12,3.317404559170359e-68,1.105678499941886e-87
2011-03-31,1.0,1.0268048681002609e-13,8.652637310889255e-66,3.2943227233481874e-82
2011-04-30,1.0,5.961104734372192e-16,1.1538511181747402e-63,2.3718327936191158e-77
2011-05-31,1.0,8.330664565389928e-14,5.05004514219331e-56,2.424112448547451e-78
2011-06-30,0.9999999999436113,5.6496162339520606e-11,1.0388095980239208e-58,2.743422297494658e-72
2011-07-31,0.9999999818815014,1.811848885142912e-08,2.947544840755271e-52,8.595501919968511e-77
2011-08-31,0.9999998100788796,1.8992100622506543e-07,1.0829250698769987e-38,2.6054500463351434e-70
2011-09-30,0.99999243771339,7.562286541913138e-06,4.361330056024909e-37,4.269560620396343e-56
2011-10-31,0.9999999993947313,6.051655875241932e-10,2.5887819687601037e-43,4.780304548473492e-53
2011-11-30,0.999999999998181,1.6419182446819861e-12,1.7519060834342172e-51,1.1348252179153068e-65
2011-12-31,1.0,8.231313064404655e-22,3.4524901066117195e-50,1.7360240237807866e-64
2012-01-31,1.0,5.8589463348627e-25,1.3090088706946052e-48,1.712657260742523e-60
2012-02-29,1.0,1.2335412907372257e-25,1.665936908885267e-54,2.5986244372757688e-62
2012-03-31,1.0,1.0998996564162606e-30,3.719287527743206e-63,9.532295100827316e-64
2012-04-30,1.0,2.8527936758308727e-33,1.547423308310183e-55,4.431719021366375e-65
2012-05-31,1.0,1.97756957020144e-30,8.414017593667795e-57,1.3451559805627928e-65
2012-06-30,1.0,2.3250050841062112e-36,5.8052802227522416e-52,5.817333957016768e-57
2012-07-31,1.0,2.154319166806907e-32,4.3043820066699326e-47,4.504349695152502e-52
2012-08-31,1.0,4.089375847165042e-27,1.0196703692157876e-39,3.3841406302762753e-47
2012-09-30,1.0,7.143682800432379e-18,8.580113139987199e-35,3.316127100047108e-50
2012-10-31,1.0,1.6611797937417437e-17,2.182099790959875e-34,7.863585726709828e-42
2012-11-30,1.0,2.5166104356605863e-16,1.0116925741664345e-27,8.7932110842855e-40
2012-12-31,0.9999999999995453,4.304846338265545e-13,3.972168339707286e-38,7.980645283428193e-42
2013-01-31,1.0,5.802251661346029e-17,2.1573597547849174e-47,3.606534649514129e-51
2013-02-28,1.0,1.2425637244325801e-17,4.246593624953992e-52,8.09655796399258e-64
2013-03-31,1.0,5.672565039563528e-24,2.1399701060311008e-44,1.805963463811163e-56
2013-04-30,1.0,8.699027951189741e-22,3.0687648364383947e-34,1.0941940877121693e-44
2013-05-31,1.0,1.2476651580213667e-13,5.5068205314186e-45,1.732206809108041e-47
2013-06-30,0.9999999999995453,4.3414115251386793e-13,4.68166726135559e-62,7.698918597375748e-65
2013-07-31,1.0,7.91409920957448e-17,8.09610156582212e-62,2.6504158181217384e-75
2013-08-31,1.0,3.683073355992439e-14,1.0279052043100104e-66,5.512351377063595e-77
2013-09-30,1.0,3.2432967836095087e-15,2.4906637385313544e-65,1.7831555969211174e-82
2013-10-31,1.0,5.406136709793727e-18,2.458978531451185e-63,2.7613795663557135e-78
2013-11-30,1.0,4.541004195212972e-18,1.3918670343681008e-72,4.0163879413603253e-75
2013-12-31,1.0,1.503305997948339e-16,2.1024092691393067e-77,3.6250370588056885e-84
2014-01-31,1.0,1.0661949918573551e-14,4.339063545562818e-66,5.125455769242924e-90
2014-02-28,1.0,4.1846611511756465e-17,2.0621682606771718e-62,1.2095825509171642e-77
2014-03-31,1.0,1.6119661834806556e-16,1.2097721617477941e-63,2.1705399045331154e-76
2014-04-30,1.0,6.424937653467838e-19,2.8132730517386076e-65,7.317020477747692e-77
2014-05-31,1.0,1.1511539284898653e-20,9.355479774326839e-55,9.146428307783983e-76
2014-06-30,1.0,1.940794189197781e-20,4.0565524783140547e-44,2.0507993176186654e-57
2014-07-31,1.0,5.5295273176439635e-14,7.282105832986763e-54,3.017848364941275e-59
2014-08-31,1.0,1.1284349764539992e-22,6.385222720366625e-43,6.388673789111228e-55
2014-09-30,1.0,1.74869821154411e-17,2.58816689773405e-54,1.4764842676431414e-54
2014-10-31,1.0,1.4493919547650577e-22,1.23852798498639e-55,1.0319926564783963e-59
2014-11-30,1.0,7.811273710555651e-26,1.9566124424621187e-46,1.0568894912954233e-55
2014-12-31,1.0,1.9727866600118165e-19,2.496826090981834e-41,4.854353424379514e-52
2015-01-31,1.0,3.20917337732399e-19,5.407337392482577e-47,6.8515747225275165e-59
2015-02-28,1.0,1.6437776848072772e-28,1.5030794834377438e-52,1.9898468704719066e-55
2015-03-31,1.0,1.7013835249680093e-27,4.377401725913337e-51,6.670128934109086e-58
2015-04-30,1.0,6.292527953463462e-26,1.0884269349901699e-47,3.77791249804101e-52
2015-05-31,1.0,7.956388108100146e-29,2.5812134624806788e-45,1.0884619053605019e-47
2015-06-30,1.0,2.1682373840901648e-19,2.6572108048037276e-48,4.3219342405627065e-46
2015-07-31,1.0,1.2552036127329737e-31,6.07765057258666e-39,4.348506348611711e-46
2015-08-31,0.999999999990905,8.96089572782222e-12,3.0983482185442097e-37,1.1549602945561681e-43
2015-09-30,0.9999999999968168,3.2555312442425365e-12,3.486687753191473e-42,7.264060398659646e-49
2015-10-31,1.0,2.6913231876389946e-19,2.2166744543208513e-41,3.5345189506882307e-44
2015-11-30,1.0,3.911914662226544e-17,1.9013351959523766e-33,6.559538074330224e-42
2015-12-31,0.9999999999959073,4.067149223190535e-12,1.7636903282473396e-29,4.462311632725384e-37
2016-01-31,0.9999999997689883,2.3116244058490682e-10,1.46906831566013e-29,1.966226947687631e-35
2016-02-29,0.9999999992946869,7.051943028979136e-10,2.373982083041016e-23,3.4546311952204104e-36
2016-03-31,0.9999999999772626,2.2726648067864514e-11,1.0050504422233406e-20,4.437458874036842e-29
2016-04-30,0.9999999980450411,1.9550058288286648e-09,2.217771521178323e-26,6.958465205396813e-33
2016-05-31,1.0,2.0464372903875463e-14,1.3106325025037006e-25,8.475636255350718e-34
2016-06-30,1.0,8.236773738120082e-16,2.5136221850747914e-24,3.464954839905107e-33
2016-07-31,1.0,1.272045761548903e-19,1.6302671160727059e-18,2.1447141257843922e-27
2016-08-31,1.0,2.405586191936849e-14,9.926656488489007e-18,1.8338864710580404e-23
2016-09-30,1.0,2.1087300469536766e-13,9.867621842108495e-16,1.0639508802531347e-22
2016-10-31,0.9999999998699423,1.2988262257517587e-10,2.5305159511555924e-23,4.46075716210479e-27
2016-11-30,1.0,2.7124626715609895e-15,2.7586910695545746e-27,2.5844757918350903e-31
2016-12-31,1.0,6.779951245812417e-15,9.131310126471049e-26,4.6852687683983425e-36
2017-01-31,1.0,1.1029739288947495e-14,5.8392597813911885e-25,1.1869589079547555e-37
2017-02-28,1.0,1.168359262024723e-14,2.620580493212193e-26,3.645328835559528e-40
2017-03-31,1.0,2.085115600343925e-17,4.103001744732347e-31,3.7732498161875134e-39
2017-04-30,1.0,9.864448147884452e-21,3.3498889515103426e-26,9.604488411544252e-34
2017-05-31,1.0,3.034577942386057e-16,1.979128289609281e-21,2.634649294957559e-31
2017-06-30,1.0,1.6835683492594406e-14,3.3016894700567637e-21,9.634385992524685e-29
2017-07-31,1.0,9.439691836241042e-15,1.6835692787878407e-14,1.0559324847807138e-26
2017-08-31,0.9999999907568053,3.640265457739448e-13,9.242629967377019e-09,1.1268251601396578e-20
2017-09-30,0.9999955842674532,5.1492639740442876e-15,4.415732718931046e-06,1.3532160571911157e-14
2017-10-31,0.9734868272990125,1.5816635061387883e-15,0.026513172700673326,8.948062334209874e-14
2017-11-30,0.02681562113432079,1.9516258797050517e-12,0.9731843785579253,3.0565991554949824e-10
2017-12-31,0.00012200971425515692,2.2408195206154036e-14,0.9998779602788643,3.0006904818891893e-08
2018-01-31,9.823291942459991e-08,4.5232677998959385e-13,0.9999998703010617,3.14654740131011e-08
2018-02-28,4.548320835655171e-12,1.3338978760908427e-13,0.9999998404296221,1.5956562355796524e-07
2018-03-31,1.3343327549793296e-13,1.9999901769389497e-12,0.9999999156152661,8.438254215923431e-08
2018-04-30,1.999980619770098e-12,4.325749561764868e-14,0.9999999437495732,5.6248244619043654e-08
2018-05-31,4.430350942083823e-14,8.772414691981594e-16,0.999999926777039,7.322295197802933e-08
2018-06-30,8.86458745569645e-16,4.033875219012588e-17,0.9999999613196459,3.8680560165874045e-08
2018-07-31,4.09579151373671e-17,1.3250345467869793e-20,0.9999991734879364,8.265120298923447e-07
2018-08-31,7.80034262132269e-20,3.816892306610314e-24,0.9999992333872098,7.666127821695608e-07
2018-09-30,2.7832089275490016e-23,1.339597773503676e-26,0.9999979692531881,2.0307466268319293e-06
2018-10-31,1.340597872606095e-26,8.523464505547051e-20,0.9999725488235395,2.745117636511078e-05
2018-11-30,8.523464505535422e-20,6.50243378207392e-22,0.9996906275207179,0.0003093724793833055
2018-12-31,6.502135615280283e-22,3.8027820202790394e-16,0.9999713849298686,2.8615069974108288e-05
2019-01-31,3.8027820204779098e-16,1.5913018707524687e-20,0.9999450554971352,5.494450263764742e-05
2019-02-28,2.481272527753034e-20,1.488807956526124e-19,0.9999810697195339,1.8930280599388112e-05
2019-03-31,1.488989172098436e-19,2.20657241796964e-24,0.9999634877057574,3.651229417886608e-05
2019-04-30,1.0126847773446384e-22,1.2004529466345985e-23,0.9999476635579325,5.233644195277223e-05
2019-05-31,1.2040709290691513e-23,2.1262200139912394e-15,0.9999741365015773,2.5863498636679076e-05
2019-06-30,2.1262200125583044e-15,1.1208852842694668e-17,0.9999907944671464,9.205532994856264e-06
2019-07-31,1.1836557270583318e-17,2.222703182182543e-16,0.9999792508089641,2.074919087675821e-05
2019-08-31,2.2229755016800527e-16,4.1469661044384537e-16,0.9999722628035339,2.7737196495855813e-05
2019-09-30,4.1493385671075676e-16,1.4786803732811834e-18,0.9999650858527881,3.49141473000242e-05
2019-10-31,2.0045154155645994e-18,1.9571157911928384e-17,0.9999816584203904,1.8341579636279e-05
2019-11-30,1.9649690495041745e-17,1.2882163494146325e-18,0.9999941414738432,5.8585262266204465e-06
2019-12-31,3.4657647565691513e-18,1.1005093583189358e-13,0.9999999223400694,7.766002629479714e-08
2020-01-31,1.0351982917539156e-13,1.6020136787692805e-06,0.9998312962037237,0.000167101782287897
2020-02-29,1.2425320746097529e-13,0.93065834318419,0.06934159018496353,6.6630706774453e-08
2020-03-31,4.349129521110194e-13,0.9999980770199117,1.922979745855856e-06,7.375065796881739e-17
2020-04-30,4.3025497595808014e-11,0.999999999956799,1.7103446259152973e-16,1.3964745500038124e-17
2020-05-31,6.051577965668767e-12,0.9999999999940883,5.649800860489581e-51,4.93235389567279e-37
2020-06-30,4.217352307435159e-12,0.9999999999959073,4.383645255231331e-53,2.4475289640830698e-57
2020-07-31,5.697861989617526e-09,0.9999999943020157,5.730791786008472e-31,8.212109874293693e-66
2020-08-31,2.6090231545906727e-08,0.9999999739097806,2.7145245900579247e-20,6.4573508725645804e-43
2020-09-30,1.2584814633988334e-08,0.9999999874153218,3.891947775566397e-18,8.868050898933443e-32
2020-10-31,1.3225030256638131e-08,0.9999999867750375,4.5263564052300074e-20,2.1639166719111534e-28
2020-11-30,5.59430987127638e-06,0.9999944056900908,8.259620563833744e-15,8.066302283537097e-29
2020-12-31,9.548693244104618e-05,0.9999045130674472,4.445943405518535e-14,2.358166836362433e-24
2021-01-31,0.025366473497809062,0.9746335265023063,6.486881704809538e-17,1.739659537030544e-27
2021-02-28,0.9755031966110929,0.024496803389074454,2.1196602289078877e-22,2.3888100800576076e-34
2021-03-31,0.9999984007958174,1.5992043083772192e-06,2.0038737836040033e-28,2.694684377336807e-57
2021-04-30,0.9999999990163815,9.834932671062343e-10,3.51813023177911e-30,2.692980628246477e-64
2021-05-31,1.0,6.917609223272736e-16,1.2569309727456675e-49,2.803310135825871e-44
2021-06-30,1.0,5.122608522821196e-18,2.60058600257846e-39,2.2250660560028824e-51
2021-07-31,1.0,2.65846388119548e-15,5.884996635625604e-27,1.1981695384636928e-52
2021-08-31,1.0,4.043517718260543e-15,5.228534909842054e-21,4.1994532065122593e-35
2021-09-30,0.999999999956799,4.303838442998185e-11,7.604319794451263e-27,3.309765514898329e-37
2021-10-31,1.0,1.5626223932323058e-14,2.5014752841713075e-17,9.131711289885973e-36
2021-11-30,0.9999999991082404,1.5911256962544678e-10,7.327340025495177e-10,1.671850554111814e-20
2021-12-31,0.9998563690187174,4.899044250962382e-19,0.00014363098126536132,2.4456037540025846e-16
2022-01-31,0.34396114521359983,5.769300729003933e-15,0.656038854786316,1.624108821106483e-13
2022-02-28,0.00038826772460281837,1.0283181355249918e-13,0.9996117283333977,3.9417615981523316e-09
2022-03-31,2.8456206273038515e-07,1.6693281594207952e-23,0.9999990721266597,6.433111828621639e-07
2022-04-30,1.2296918382447024e-15,1.5771296567997546e-26,0.9999999993660822,6.340372773454089e-10
2022-05-31,2.0823613269597486e-21,1.3454483049188298e-28,0.9999999744982236,2.5501804028501163e-08
2022-06-30,1.4601661438454144e-28,5.583729288581937e-29,0.99999997395571,2.604408863370711e-08
2022-07-31,5.58380957064161e-29,3.4028071264921726e-36,0.9999890439503274,1.095604951521151e-05
2022-08-31,3.402910108252003e-36,2.152286665810756e-47,0.8468853521855129,0.153114647814374
2022-09-30,2.1523158938215476e-47,8.142317599975639e-61,6.214392762772521e-05,0.9999378560725493
2022-10-31,8.14233643865881e-61,1.2303742205875942e-59,4.0418569686188204e-08,0.9999999595816015
2022-11-30,1.2303742205875942e-59,1.0531192559789743e-56,2.0150591349989262e-10,0.9999999997985469
2022-12-31,1.0531192559794532e-56,2.3312218974693486e-62,5.421991560309302e-10,0.9999999994579412
2023-01-31,2.3312218974704087e-62,3.7357715720811765e-52,1.6893184088448842e-11,0.9999999999831743
2023-02-28,3.7357715720811765e-52,3.275723922794935e-55,1.38942465803354e-16,1.0
2023-03-31,3.2757239260810515e-55,1.5165058283342056e-42,1.888710224489332e-10,0.9999999998112798
2023-04-30,1.5165058283348954e-42,3.556910917103915e-46,2.1709305273453323e-10,0.9999999997830855
2023-05-31,3.5569109171022975e-46,3.974356249363842e-50,1.0954543281303013e-12,0.9999999999990905
2023-06-30,3.9743562420658518e-50,5.012868995132754e-46,3.565177242478129e-19,1.0
2023-07-31,5.012868995125916e-46,1.3886523602738756e-44,1.574746802052734e-17,1.0
2023-08-31,1.388652360273244e-44,9.632311450295614e-41,4.827682319178514e-14,1.0
2023-09-30,9.632311450299994e-41,7.032537254477132e-43,2.2335757614219846e-10,0.999999999776719
2023-10-31,7.002498593064686e-43,6.268855078817279e-36,1.6553210959871914e-08,0.9999999834467418
2023-11-30,6.26688155260837e-36,4.5571033550478406e-29,1.906060388892585e-09,0.9999999980941539
2023-12-31,4.557102407327601e-29,6.911223837187798e-29,3.570275661833983e-08,0.9999999642973314
2024-01-31,6.91122378066659e-29,2.5782068016195394e-32,4.02476354854643e-06,0.9999959752366571
2024-02-29,2.578100998972081e-32,1.0780393797705809e-29,2.4712522662026712e-08,0.999999975287665
2024-03-31,1.0780393797671492e-29,1.5636645672720456e-34,9.836639117106434e-08,0.9999999016336054
2024-04-30,1.5636645552279029e-34,7.674999045246304e-35,2.2192983408805235e-08,0.9999999778069653
2024-05-31,7.674958736819569e-35,2.845489120564376e-28,3.642209233190462e-08,0.9999999635779211
2024-06-30,2.845489120556612e-28,1.2531805689845922e-31,8.015588354964586e-07,0.9999991984412675
2024-07-31,1.2531796116443417e-31,5.904874232319534e-28,0.0002681309760378448,0.9997318690237372
2024-08-31,5.904873936982284e-28,3.543177971075888e-27,0.00038149862075655973,0.9996185013792229
2024-09-30,3.543177970426554e-27,6.572332509282336e-32,0.0011460977318186374,0.9988539022683506
2024-10-31,6.433525250748295e-32,1.496900688466255e-29,0.00091219708452965,0.9990878029153746
2024-11-30,1.4969006747431087e-29,4.793173746255372e-33,3.6695136240881526e-05,0.9999633048635428
2024-12-31,4.793173621137206e-33,8.979235230744332e-31,4.9483846970120776e-08,0.9999999505162135
2025-01-31,8.979235227028544e-31,1.7073258246515917e-30,1.6022874569598e-05,0.999983977125468
2025-02-28,1.7073258115389403e-30,1.0311241243729862e-29,0.005591283205735645,0.9944087167943413
2025-03-31,1.0311241235289645e-29,4.723174775199172e-31,0.00911024848051412,0.9908897515194376
2025-04-30,4.712673293108674e-31,6.290009541894469e-28,0.01262659511708843,0.9873734048828956
2025-05-31,6.274367907262548e-28,8.807599487901418e-28,0.0022351787394994257,0.9977648212605921
2025-06-30,8.80262932738776e-28,2.9214455128937873e-27,0.0004802067351184127,0.9995197932648535
2025-07-31,2.7990537348041923e-27,1.0032481343278504e-25,7.951800864203927e-05,0.9999204819913328
2025-08-31,9.903069013274869e-26,2.0264476201158838e-23,7.340576330045501e-06,0.9999926594238088
2025-09-30,2.0264399703668494e-23,3.633842521143577e-25,3.110121185960643e-05,0.9999688987880124
2025-10-31,3.4914241965589814e-25,6.279339143434571e-23,0.00023214221031571088,0.9997678577896566
2025-11-30,6.27804965883526e-23,1.1157135203948259e-23,0.00044397981865130956,0.9995560201813496
2025-12-31,1.1012148014540362e-23,3.7387698502072965e-23,0.0017612538701078351,0.9982387461299436
2026-01-31,3.4565296714732725e-23,2.6067809995051637e-21,0.08904970440796571,0.9109502955920379
2026-03-31,5.504213926762544e-22,3.5333215903400846e-19,0.9942155679759043,0.005784432024246313
2026-04-30,3.5199679509228763e-19,2.45065449609399e-19,0.999784992780235,0.0002150072198753906
2026-05-31,7.238160896813062e-21,3.500828381408326e-16,0.9979696408610592,0.0020303591388697974
2026-06-30,3.1565770282683135e-23,5.6982647371419535e-12,0.9814982502377467,0.018501749756678874
2026-07-31,2.5374536498769835e-25,4.70370959129744e-06,0.859851203514881,0.14014409277568998
