date,p0,p1,p2,refit_date
2004-12-31,9.548255985940761e-26,1.0,4.2263498074680464e-30,2004-12-31
2005-01-31,2.507063646274746e-25,1.0,3.5093371818286034e-26,2004-12-31
2005-02-28,8.657454438511876e-27,1.0,1.2527863234022923e-24,2004-12-31
2005-03-31,4.223344668325484e-27,1.0,4.259132793841854e-22,2004-12-31
2005-04-30,7.18878371235484e-24,1.0,7.461044981995427e-20,2004-12-31
2005-05-31,3.4868428169573844e-22,1.0,9.50942124914923e-18,2004-12-31
2005-06-30,7.889484657017043e-19,0.9999999999998934,1.0666452729376864e-13,2004-12-31
2005-07-31,1.855735427978385e-14,0.9999999890837584,1.0916223109297192e-08,2004-12-31
2005-08-31,9.797338145701781e-11,0.9991038923591081,0.0008961075429184093,2004-12-31
2005-09-30,3.678138833722207e-07,0.002241494658861779,0.9977581375272548,2004-12-31
2005-10-31,2.4112392728037124e-09,8.472716813168544e-05,0.999915270420629,2004-12-31
2005-11-30,2.2005759673508316e-07,5.280764510060478e-09,0.9999997746616388,2004-12-31
2005-12-31,1.9089078081816823e-08,1.4199262063318256e-19,0.999999980910922,2005-12-31
2006-01-31,1.7480240161766017e-08,1.6068673373996788e-18,0.9999999825197599,2005-12-31
2006-02-28,5.5841815998387175e-08,2.0344518024970012e-20,0.9999999441581839,2005-12-31
2006-03-31,7.910613327872829e-08,5.786593507014828e-20,0.9999999208938668,2005-12-31
2006-04-30,3.6420586260361774e-09,2.1269351234217827e-18,0.9999999963579415,2005-12-31
2006-05-31,4.5273031853716627e-10,9.075286951244695e-20,0.9999999995472697,2005-12-31
2006-06-30,2.5016913507150966e-10,2.321459145013796e-21,0.9999999997498309,2005-12-31
2006-07-31,8.056033228847977e-09,1.692427687955412e-20,0.9999999919439667,2005-12-31
2006-08-31,2.3548346366058094e-08,2.767005937566063e-19,0.9999999764516537,2005-12-31
2006-09-30,1.8984723337418018e-07,1.0558154541905178e-18,0.9999998101527666,2005-12-31
2006-10-31,4.369663649558116e-07,3.8269582756605863e-17,0.999999563033635,2005-12-31
2006-11-30,2.0413643583422442e-07,4.3742073369544126e-15,0.9999997958635598,2005-12-31
2006-12-31,2.753176686877862e-05,6.472823904501437e-17,0.9999724682331311,2006-12-31
2007-01-31,0.006602062627142176,2.5831876224936756e-18,0.9933979373728578,2006-12-31
2007-02-28,0.011311841287375642,5.595141982255709e-14,0.9886881587125684,2006-12-31
2007-03-31,0.007965303778422712,1.0489769860388724e-12,0.9920346962205283,2006-12-31
2007-04-30,0.08266710544979175,1.1183175041266294e-12,0.9173328945490898,2006-12-31
2007-05-31,0.10390399863928768,7.161218205551328e-13,0.8960960013599962,2006-12-31
2007-06-30,0.03522933629560686,1.8858473408278466e-11,0.9647706636855347,2006-12-31
2007-07-31,0.14558739613116686,1.4284807949199226e-09,0.8544126024403524,2006-12-31
2007-08-31,0.529420029135367,2.657028639813023e-07,0.4705797051617689,2006-12-31
2007-09-30,0.1617333720423571,0.00011837727414722153,0.8381482506834957,2006-12-31
2007-10-31,0.0013343795489689266,1.2917470001458275e-05,0.9986527029810296,2006-12-31
2007-11-30,0.05943042346854438,0.001167920340028129,0.9394016561914275,2006-12-31
2007-12-31,1.9924547175046684e-05,7.258721091873987e-06,0.999972816731733,2007-12-31
2008-01-31,0.0007772414900614025,0.1143796680417676,0.8848430904681711,2007-12-31
2008-02-29,1.0335363335283655e-08,0.9999943143873183,5.67527731821195e-06,2007-12-31
2008-03-31,7.172983582008632e-13,0.9999999865154106,1.34838721958631e-08,2007-12-31
2008-04-30,1.0521033755068342e-14,0.9999962479824799,3.7520175095857124e-06,2007-12-31
2008-05-31,1.2469376779458751e-12,0.9999974635436559,2.5364550970707538e-06,2007-12-31
2008-06-30,1.3161553141321703e-13,0.9999974442777643,2.5557221042221014e-06,2007-12-31
2008-07-31,8.072177701782172e-14,0.999998627734621,1.372265298233118e-06,2007-12-31
2008-08-31,2.6961231320961084e-16,0.9999991463468281,8.536531716007919e-07,2007-12-31
2008-09-30,1.6580327266747823e-14,0.9999999993437552,6.562282099002543e-10,2007-12-31
2008-10-31,1.08972647632431e-18,0.9999999999999999,1.2738466252350353e-16,2007-12-31
2008-11-30,7.175691773792601e-31,0.9999999999999485,5.143191022067007e-14,2007-12-31
2008-12-31,8.103028000220082e-69,1.0,5.053569195299863e-20,2008-12-31
2009-01-31,7.14593421349774e-73,1.0,2.472991169229056e-29,2008-12-31
2009-02-28,3.929832227629426e-73,1.0,2.8321981042107994e-33,2008-12-31
2009-03-31,1.2942518706366112e-66,1.0,8.22333217595197e-34,2008-12-31
2009-04-30,4.202777308150753e-64,1.0,2.2114499667975667e-37,2008-12-31
2009-05-31,2.7663760465826368e-64,1.0,1.7012181634199998e-37,2008-12-31
2009-06-30,2.030387890088842e-64,1.0,2.1053079288038018e-36,2008-12-31
2009-07-31,1.4957707776477097e-61,1.0,1.19190906735055e-34,2008-12-31
2009-08-31,2.384991825517757e-59,1.0,1.8465170321099184e-32,2008-12-31
2009-09-30,1.3043543836343502e-56,1.0,1.0034221337812976e-26,2008-12-31
2009-10-31,3.928101153209171e-52,1.0,3.1735623336781023e-22,2008-12-31
2009-11-30,2.101404418610807e-47,1.0,2.4136417968171446e-23,2008-12-31
2009-12-31,0.9999999999999086,7.913912246915201e-14,1.221790595438003e-14,2009-12-31
2010-01-31,0.9999999999996718,3.1316862853692093e-13,1.5008141211645342e-14,2009-12-31
2010-02-28,0.999999999999827,9.706959899700029e-16,1.7209247238698985e-13,2009-12-31
2010-03-31,0.9999999999982562,4.686956007288083e-16,1.7433805979015637e-12,2009-12-31
2010-04-30,0.9999999999910427,8.729542272103056e-15,8.948565918945384e-12,2009-12-31
2010-05-31,0.9999999802923775,1.9573367207078126e-08,1.342553583585601e-10,2009-12-31
2010-06-30,0.9999999960932389,3.190878880074339e-09,7.158821959563206e-10,2009-12-31
2010-07-31,0.999999999284202,2.2579330614262115e-10,4.900047848403735e-10,2009-12-31
2010-08-31,0.9999999326876272,9.5500877871959e-10,6.635736404361591e-08,2009-12-31
2010-09-30,0.9999999820012089,1.78571202392561e-10,1.7820219949073154e-08,2009-12-31
2010-10-31,0.9999999979179122,4.575817811247505e-10,1.62450592954343e-09,2009-12-31
2010-11-30,0.9999999957274218,2.629516549976397e-09,1.6430616516342304e-09,2009-12-31
2010-12-31,0.9999999999640059,2.976948010552174e-11,6.224585725187572e-12,2010-12-31
2011-01-31,0.9999999999983018,1.0348036850223438e-12,6.634541545770878e-13,2010-12-31
2011-02-28,0.99999999999279,2.1479521232872385e-12,5.061929389192316e-12,2010-12-31
2011-03-31,0.9999999999850715,5.176523918082279e-13,1.4410805558053828e-11,2010-12-31
2011-04-30,0.9999999999941455,3.5347760006161605e-14,5.819187807686626e-12,2010-12-31
2011-05-31,0.9999999999787862,1.3760993426929259e-14,2.120007743124821e-11,2010-12-31
2011-06-30,0.9999999999948611,1.6266162057189835e-13,4.976213313568438e-12,2010-12-31
2011-07-31,0.9999999997496624,4.567481016514453e-11,2.046628325749075e-10,2010-12-31
2011-08-31,0.999999964967456,3.727130888821737e-11,3.4995272657806016e-08,2010-12-31
2011-09-30,0.9999939059047038,1.8438813291180286e-07,5.909707163361093e-06,2010-12-31
2011-10-31,0.9999996449763207,3.817188994038219e-09,3.5120649044809436e-07,2010-12-31
2011-11-30,0.9999988753035186,8.324773464540301e-10,1.1238640039620934e-06,2010-12-31
2011-12-31,0.999988082945044,2.171275348731396e-09,1.191488368076383e-05,2011-12-31
2012-01-31,0.9999824783575764,1.4768241758134624e-09,1.752016559940039e-05,2011-12-31
2012-02-29,0.9999915010294539,5.085525156206563e-10,8.49846199361058e-06,2011-12-31
2012-03-31,0.9999988352349739,2.4336913616166273e-09,1.162331334791832e-06,2011-12-31
2012-04-30,0.999985191642037,9.102468985928063e-09,1.4799255493976558e-05,2011-12-31
2012-05-31,0.9992735072416582,1.7683898505292216e-08,0.0007264750744433819,2011-12-31
2012-06-30,0.9990151429870413,4.936585493741092e-09,0.0009848520763732712,2011-12-31
2012-07-31,0.9984220773242798,1.1102110805899353e-08,0.001577911573609374,2011-12-31
2012-08-31,0.9992816128401255,9.942527146929739e-10,0.0007183861656217448,2011-12-31
2012-09-30,0.9998860845906629,1.2611445175177972e-11,0.00011391539672565399,2011-12-31
2012-10-31,0.9998398239573942,4.590152626461151e-09,0.0001601714524531035,2011-12-31
2012-11-30,0.9998674129846244,3.307037460279801e-09,0.0001325837083380876,2011-12-31
2012-12-31,0.9999745576609561,1.197352749616881e-09,2.5441141691060614e-05,2012-12-31
2013-01-31,0.9999928442571546,1.946695878285204e-09,7.1537961495488175e-06,2012-12-31
2013-02-28,0.9999819446780075,8.118635034013285e-08,1.7974135642207384e-05,2012-12-31
2013-03-31,0.9999841260085455,1.2667688510826016e-09,1.5872724685672646e-05,2012-12-31
2013-04-30,0.9999074323804711,4.21766959024079e-10,9.256719776198625e-05,2012-12-31
2013-05-31,0.9999971136897229,2.090860402770917e-10,2.886101191034523e-06,2012-12-31
2013-06-30,0.9999997656050947,8.272756907865245e-10,2.3356762951050553e-07,2012-12-31
2013-07-31,0.9999999232554065,4.285105762725126e-12,7.674030830417695e-08,2012-12-31
2013-08-31,0.9999999801295878,4.528118000018194e-11,1.982513111882606e-08,2012-12-31
2013-09-30,0.9999999417499792,3.339034647701584e-11,5.8216630453369606e-08,2012-12-31
2013-10-31,0.9999998828865178,1.4369518243641168e-11,1.170991127015867e-07,2012-12-31
2013-11-30,0.9999999828930736,2.0695770717415443e-11,1.708623066648582e-08,2012-12-31
2013-12-31,0.9999999998504084,1.5126142871513464e-12,1.4807904193654113e-10,2013-12-31
2014-01-31,0.9999999901626813,9.863485798391292e-10,8.85097018357788e-09,2013-12-31
2014-02-28,0.9999999915354342,1.6591237391220878e-11,8.447974558388695e-09,2013-12-31
2014-03-31,0.9999999807603945,2.6946589536684103e-11,1.92126589103611e-08,2013-12-31
2014-04-30,0.9999999424342333,3.535229323369581e-12,5.756223152556203e-08,2013-12-31
2014-05-31,0.9999998544738316,6.82271066415428e-12,1.455193457800243e-07,2013-12-31
2014-06-30,0.9999997599343419,4.410646481730303e-12,2.4006124744044376e-07,2013-12-31
2014-07-31,0.9999997240674237,8.447529574903911e-10,2.750878233695895e-07,2013-12-31
2014-08-31,0.9999975885724087,1.0130766962220526e-10,2.411326283650921e-06,2013-12-31
2014-09-30,0.9999982657021267,1.6715512532591562e-08,1.7175823606930792e-06,2013-12-31
2014-10-31,0.9999938401089057,2.5091076323668707e-08,6.13480001804516e-06,2013-12-31
2014-11-30,0.9999645198099726,3.299252320991867e-07,3.515026479523568e-05,2013-12-31
2014-12-31,0.7466522557447787,0.2530692828660733,0.0002784613891481442,2014-12-31
2015-01-31,0.0045811299494938305,0.9938530066267963,0.001565863423709997,2014-12-31
2015-02-28,2.942756633273097e-06,0.9999453907135226,5.1666529844114184e-05,2014-12-31
2015-03-31,1.3914164057410299e-05,0.9999443268498087,4.1758986133913984e-05,2014-12-31
2015-04-30,0.008008305348416634,0.9919509085108884,4.0786140694924785e-05,2014-12-31
2015-05-31,0.027191904309493004,0.9727748738062086,3.3221884298292855e-05,2014-12-31
2015-06-30,0.005248083513882731,0.99475133537611,5.81110007317632e-07,2014-12-31
2015-07-31,0.0013408579325058457,0.9986461286946003,1.3013372893786857e-05,2014-12-31
2015-08-31,3.417851707420529e-06,0.9999907384029804,5.8437453121838965e-06,2014-12-31
2015-09-30,4.516092904357224e-05,0.999943377219024,1.1461851932355712e-05,2014-12-31
2015-10-31,0.012346799960197333,0.9876011605220814,5.2039517721350126e-05,2014-12-31
2015-11-30,0.06557881475617598,0.9338171143188183,0.0006040709250057899,2014-12-31
2015-12-31,0.002032187387137407,0.9979678030349343,9.577928287946308e-09,2015-12-31
2016-01-31,0.004641329310214015,0.9953586202328435,5.0456942396229904e-08,2015-12-31
2016-02-29,0.0007015669504114699,0.9992981020206781,3.3102891041358023e-07,2015-12-31
2016-03-31,0.05876980778405993,0.9412291563074582,1.0359084818877497e-06,2015-12-31
2016-04-30,0.05635116575425758,0.9436375407807377,1.1293465004692971e-05,2015-12-31
2016-05-31,0.09527308488201322,0.9045835398333283,0.0001433752846585661,2015-12-31
2016-06-30,0.12857807370688393,0.8712381309022484,0.0001837953908676566,2015-12-31
2016-07-31,0.6515801703385217,0.341773311229232,0.006646518432246395,2015-12-31
2016-08-31,0.9433131005257764,0.030737608063464584,0.025949291410759027,2015-12-31
2016-09-30,0.9828305284590207,0.0002819680510532265,0.01688750348992605,2015-12-31
2016-10-31,0.994273450478451,0.0007089137934896094,0.00501763572805951,2015-12-31
2016-11-30,0.9994252598183451,6.72433308513624e-06,0.0005680158485698208,2015-12-31
2016-12-31,0.996528973982414,8.860615351462519e-06,0.003462165402234448,2016-12-31
2017-01-31,0.9962769517215685,1.2540623027298066e-07,0.0037229228722012596,2016-12-31
2017-02-28,0.995244073323504,7.352355574441629e-08,0.004755853152940367,2016-12-31
2017-03-31,0.9912038731158885,1.8012246510487404e-06,0.00879432565946032,2016-12-31
2017-04-30,0.9774753067812018,9.705509526306741e-05,0.022427638123535144,2016-12-31
2017-05-31,0.9672239472377674,6.761863873236846e-05,0.032708434123500225,2016-12-31
2017-06-30,0.9396043841405514,9.320424041852493e-06,0.06038629543540685,2016-12-31
2017-07-31,0.9494816976726116,1.784664333062848e-07,0.05051812386095509,2016-12-31
2017-08-31,0.9556567205703259,2.2012002284778957e-06,0.044341078229445594,2016-12-31
2017-09-30,0.9261098970580067,7.772090391951632e-07,0.07388932573295419,2016-12-31
2017-10-31,0.8733303465827784,6.332626804344328e-07,0.126669020154541,2016-12-31
2017-11-30,0.8534041803831542,2.082232464706959e-07,0.14659561139359922,2016-12-31
2017-12-31,0.9999994119897042,5.879478739866132e-07,6.242187942851486e-11,2017-12-31
2018-01-31,0.9999998786914069,1.2108829504978096e-07,2.2029800561522528e-10,2017-12-31
2018-02-28,0.9999995302688838,4.6963941251591845e-07,9.170358825433181e-11,2017-12-31
2018-03-31,0.9999995497569439,4.4999157845416655e-07,2.5147760794765814e-10,2017-12-31
2018-04-30,0.9999998735692855,1.2535309491841177e-07,1.0776194687120936e-09,2017-12-31
2018-05-31,0.9999990282913559,9.713742511172103e-07,3.3439301111999856e-10,2017-12-31
2018-06-30,0.9999984412958076,1.5554792656589387e-06,3.2249268149195785e-09,2017-12-31
2018-07-31,0.9999968792794013,3.1071758754476683e-06,1.354472314774791e-08,2017-12-31
2018-08-31,0.9999972354464511,2.731976796422623e-06,3.257675251922621e-08,2017-12-31
2018-09-30,0.9999962419880294,3.6808155947654616e-06,7.719637580828796e-08,2017-12-31
2018-10-31,0.9999224161723324,7.73829200930291e-05,2.0090757461609109e-07,2017-12-31
2018-11-30,0.997851856011608,0.0021452524297641495,2.891558627921499e-06,2017-12-31
2018-12-31,8.760797951754106e-07,9.563663742733295e-06,0.999989560256462,2018-12-31
2019-01-31,1.136683924291483e-06,1.89638961464474e-05,0.9999798994199293,2018-12-31
2019-02-28,1.3590443234620726e-06,1.5175256098124879e-05,0.9999834656995784,2018-12-31
2019-03-31,2.3681186005960206e-06,2.439225913115164e-05,0.9999732396222683,2018-12-31
2019-04-30,4.270101326638132e-06,3.163508715626696e-05,0.999964094811517,2018-12-31
2019-05-31,2.578467519199953e-05,0.0002991901760388293,0.9996750251487692,2018-12-31
2019-06-30,2.499787689491588e-05,0.00011689834165383455,0.9998581037814513,2018-12-31
2019-07-31,2.4468394305593615e-05,0.00012429601950808442,0.9998512355861863,2018-12-31
2019-08-31,4.149323310233313e-05,0.00027703370054384867,0.9996814730663538,2018-12-31
2019-09-30,2.8729381507303158e-05,0.0004188897034967854,0.9995523809149959,2018-12-31
2019-10-31,0.000167030406458219,0.0003571336547727572,0.999475835938769,2018-12-31
2019-11-30,0.0008922561053803084,0.0005133270460101252,0.9985944168486095,2018-12-31
2019-12-31,0.0007160049189138345,8.403869406075144e-05,0.9991999563870254,2019-12-31
2020-01-31,0.0003380814789151327,0.0004759058876549099,0.99918601263343,2019-12-31
2020-02-29,0.00025166479311073195,0.0031801756863587523,0.9965681595205306,2019-12-31
2020-03-31,2.458108962029811e-07,0.36157906813858015,0.6384206860505237,2019-12-31
2020-04-30,7.333554984375487e-10,0.9999977209860494,2.278280595061688e-06,2019-12-31
2020-05-31,8.106925042320896e-13,0.9999999999991893,1.674948171381056e-25,2019-12-31
2020-06-30,7.788135779013061e-13,0.9999999999992212,4.448809156974331e-25,2019-12-31
2020-07-31,1.0932642372147293e-07,0.9999998906734855,9.073889073118305e-14,2019-12-31
2020-08-31,7.286112801995831e-05,0.9999271368737387,1.9982413184460804e-09,2019-12-31
2020-09-30,5.503019146579314e-05,0.9999449619812275,7.82730672287471e-09,2019-12-31
2020-10-31,2.582678150055646e-05,0.9999741695793116,3.6391878135450145e-09,2019-12-31
2020-11-30,0.0029978003846130525,0.9969967573235746,5.44229181237821e-06,2019-12-31
2020-12-31,0.0021108017673193064,0.9978891968991813,1.3334993636852857e-09,2020-12-31
2021-01-31,0.022100038384416442,0.9778999250243041,3.659127948106647e-08,2020-12-31
2021-02-28,0.925309920810321,0.07468793933949494,2.1398501838954543e-06,2020-12-31
2021-03-31,0.9999995668692179,4.1440245592421175e-07,1.8728326266615196e-08,2020-12-31
2021-04-30,0.9999795774248458,8.031586098299738e-09,2.0414543568018922e-05,2020-12-31
2021-05-31,0.999996080325981,3.919609206185421e-06,6.481284234919835e-11,2020-12-31
2021-06-30,0.9999753555711783,2.4580157878469272e-05,6.427094319348235e-08,2020-12-31
2021-07-31,0.9972832044653165,4.0076587999202565e-05,0.002676718946684358,2020-12-31
2021-08-31,0.9937760103044548,2.5169444477276835e-05,0.00619882025106782,2020-12-31
2021-09-30,0.9986180265665805,3.0746324874857755e-06,0.0013788988009320055,2020-12-31
2021-10-31,0.9836187201504669,1.2735423431297472e-06,0.016380006307189953,2020-12-31
2021-11-30,0.840976569209001,0.0003377249526485613,0.15868570583835043,2020-12-31
2021-12-31,0.0004189670117300542,1.6199216446515753e-06,0.9995794130666252,2021-12-31
2022-01-31,6.0024453091573625e-05,1.604723206206597e-06,0.9999383708237022,2021-12-31
2022-02-28,3.074521447870811e-05,1.4038981008743891e-05,0.9999552158045126,2021-12-31
2022-03-31,3.481043503839158e-06,4.3667684740247587e-07,0.9999960822796488,2021-12-31
2022-04-30,2.5564162099481717e-06,3.7935716343835486e-07,0.9999970642266266,2021-12-31
2022-05-31,2.9704830681110598e-06,4.4291940468730045e-08,0.9999969852249914,2021-12-31
2022-06-30,2.198752873654822e-07,3.0649476984309656e-08,0.9999997494752356,2021-12-31
2022-07-31,1.26904337498402e-08,3.566336434846454e-08,0.9999999516462018,2021-12-31
2022-08-31,2.5484346686788664e-09,1.5944333506908613e-09,0.999999995857132,2021-12-31
2022-09-30,2.0942868426325518e-10,8.44058626866969e-11,0.9999999997061655,2021-12-31
2022-10-31,4.286984922737589e-11,3.1940541153337423e-12,0.9999999999539361,2021-12-31
2022-11-30,2.6999071924201952e-11,3.5427874024143195e-12,0.9999999999694582,2021-12-31
2022-12-31,1.0609024564024435e-07,8.090772052649268e-13,0.9999998939089453,2022-12-31
2023-01-31,3.3979410064983065e-07,3.273475180433294e-09,0.9999996569324242,2022-12-31
2023-02-28,3.242445021150065e-07,8.396672611610009e-10,0.9999996749158306,2022-12-31
2023-03-31,1.0697567167134518e-06,5.181446821351592e-07,0.9999984120986011,2022-12-31
2023-04-30,2.1814703531510227e-06,4.303300837480803e-06,0.9999935152288094,2022-12-31
2023-05-31,1.5169042120590133e-06,1.630878810866593e-05,0.9999821743076792,2022-12-31
2023-06-30,3.2488006063906376e-06,9.74513791431157e-06,0.9999870060614794,2022-12-31
2023-07-31,4.453259394522357e-06,5.5934061961068695e-08,0.9999954908065435,2022-12-31
2023-08-31,4.122323950657707e-06,5.378959463071053e-08,0.9999958238864547,2022-12-31
2023-09-30,6.370575814349739e-06,9.37767700556226e-10,0.999993628486418,2022-12-31
2023-10-31,1.1989808473963271e-05,8.380219269824912e-10,0.9999880093535041,2022-12-31
2023-11-30,1.175677672158715e-05,1.8157655076133914e-08,0.9999882250656233,2022-12-31
2023-12-31,1.8463168761195126e-06,4.168805479780777e-07,0.9999977368025759,2023-12-31
2024-01-31,6.591185860851315e-07,3.8151999069377265e-08,0.9999993027294148,2023-12-31
2024-02-29,7.590837175243695e-07,1.689134705156692e-08,0.9999992240249354,2023-12-31
2024-03-31,5.284255499111904e-07,3.847074242880156e-09,0.9999994677273759,2023-12-31
2024-04-30,2.990316892862255e-07,5.1300597565507844e-11,0.9999997009170102,2023-12-31
2024-05-31,5.794333057846389e-07,4.472847347518343e-10,0.9999994201194095,2023-12-31
2024-06-30,5.38440536356347e-07,4.804598230431345e-09,0.9999994567548655,2023-12-31
2024-07-31,9.319528594631666e-07,2.1804123365616396e-07,0.9999988500059069,2023-12-31
2024-08-31,1.0734381036128381e-05,3.7527840216614487e-06,0.9999855128349422,2023-12-31
2024-09-30,4.1279802569945786e-05,1.9531507380183095e-05,0.9999391886900498,2023-12-31
2024-10-31,4.1978885242325804e-05,5.512653978585533e-06,0.9999525084607791,2023-12-31
2024-11-30,1.1903578293439054e-05,1.7354681861869674e-06,0.9999863609535203,2023-12-31
2024-12-31,6.382814030077454e-05,7.714272103145428e-08,0.9999360947169782,2024-12-31
2025-01-31,4.424226693386753e-05,2.8581565978493253e-08,0.9999557291515001,2024-12-31
2025-02-28,1.7157512823224443e-05,4.6206550807429566e-07,0.9999823804216686,2024-12-31
2025-03-31,3.767259363378314e-05,1.0052247706524494e-06,0.9999613221815956,2024-12-31
2025-04-30,0.0004105676678201177,1.8914484925068378e-05,0.9995705178472548,2024-12-31
2025-05-31,0.0002866844473208148,8.885267195034397e-07,0.9997124270259596,2024-12-31
2025-06-30,0.0006749421942499012,1.3136960823050428e-06,0.9993237441096677,2024-12-31
2025-07-31,0.0002205747981405132,9.707158098571172e-08,0.9997793281302786,2024-12-31
2025-08-31,0.0007629148791088783,2.772982590177107e-07,0.999236807822632,2024-12-31
2025-09-30,0.00047772749578877863,2.072218734202097e-07,0.9995220652823379,2024-12-31
2025-10-31,0.0005223013690745387,8.19820224511617e-07,0.9994768788107009,2024-12-31
2025-11-30,0.0009597616000496081,1.1408425643561936e-06,0.999039097557386,2024-12-31
2025-12-31,6.432007640915995e-11,0.0018086646902447357,0.9981913352454351,2025-12-31
2026-01-31,7.136138279768144e-11,0.0016811487605076377,0.998318851168131,2025-12-31
2026-03-31,2.2896292199433105e-11,6.277895696844694e-05,0.9999372210201353,2025-12-31
2026-04-30,6.587870792813543e-12,1.103001451586849e-05,0.9999889699788963,2025-12-31
2026-05-31,1.1438925227236593e-12,2.2416912066385477e-05,0.9999775830867896,2025-12-31
2026-06-30,9.291780554052036e-14,2.5887451847127925e-05,0.99997411254806,2025-12-31
2026-07-31,5.65264703163554e-15,2.3712876415674733e-05,0.9999762871235787,2025-12-31
