date,p0,p1,p2
1991-01-31,7.951221389127076e-157,1.0,0.0
1991-02-28,2.1232987186966393e-10,0.999999999787633,1.0830140321409369e-44
1991-03-31,5.302771750680441e-12,0.999999999994543,9.10723738220638e-44
1991-04-30,7.9366045519318e-12,0.9999999999922693,3.8160454062315606e-44
1991-05-31,3.3879930562191114e-11,0.999999999965894,3.060927636604972e-42
1991-06-30,6.502453511054891e-12,0.9999999999936335,1.1986949041096719e-44
1991-07-31,2.1555970895790895e-12,0.9999999999977263,1.6110595782745045e-42
1991-08-31,8.597147979080309e-11,0.9999999999140528,1.616606313762477e-39
1991-09-30,5.108710410861598e-09,0.9999999948913683,5.364951721322128e-38
1991-10-31,2.5642655560362797e-11,0.9999999999745341,5.89288191448551e-39
1991-11-30,1.2491413836047918e-12,0.9999999999986358,2.7060909096652178e-36
1991-12-31,1.7360733860081303e-11,0.9999999999827196,1.6229092742194205e-34
1992-01-31,1.9296150404371955e-15,1.0,2.520394409715451e-37
1992-02-29,6.164690321439121e-13,0.9999999999995453,1.1023580735261958e-36
1992-03-31,1.297507068200188e-12,0.9999999999986358,1.8382714116435533e-42
1992-04-30,6.053424571548493e-16,1.0,7.714908364936092e-44
1992-05-31,8.269215672807107e-17,1.0,9.01402844614894e-44
1992-06-30,1.6938263798734933e-19,1.0,1.6990282296614857e-40
1992-07-31,5.043075070848715e-17,1.0,1.7929610780494838e-37
1992-08-31,1.4828295840786276e-17,1.0,1.8213643883357143e-35
1992-09-30,1.3509485132577252e-19,1.0,2.9902808971579194e-31
1992-10-31,1.5682965920082545e-17,1.0,1.2612666660229152e-32
1992-11-30,4.2759448081316766e-15,1.0,1.1197277009656324e-34
1992-12-31,3.778701753782616e-16,1.0,4.101969477935809e-34
1993-01-31,4.3601714841099345e-19,1.0,8.06725502642512e-37
1993-02-28,4.307662748273796e-20,1.0,8.557398847178785e-34
1993-03-31,5.46464983148842e-20,1.0,1.337596360795456e-36
1993-04-30,1.8694397160695852e-22,1.0,9.08898405214793e-31
1993-05-31,4.932013374697768e-16,1.0,4.071553602065983e-29
1993-06-30,7.674505766678323e-15,1.0,5.438802393525528e-27
1993-07-31,2.6670044855238495e-14,1.0,1.7089433485565007e-23
1993-08-31,3.649430069667469e-12,0.999999999996362,4.8435708313085825e-21
1993-09-30,2.6209726419965572e-12,0.9999999999972715,1.0373179528280928e-19
1993-10-31,1.0309698284728444e-11,0.9999999999895408,9.401016431870117e-23
1993-11-30,2.1607953147198246e-13,1.0,5.615939133008179e-25
1993-12-31,2.659176246378645e-13,0.9999999999995453,6.896073177613885e-25
1994-01-31,9.730241544965852e-14,1.0,8.727542651910318e-21
1994-02-28,1.627387496683827e-11,0.9999999999836291,1.1774831581873778e-22
1994-03-31,5.010619621095601e-11,0.9999999999499778,4.311485557706027e-27
1994-04-30,9.923935885539032e-11,0.9999999999008651,3.839370831095732e-27
1994-05-31,6.2763299177509936e-09,0.9999999937235771,2.4633909904383845e-28
1994-06-30,1.5311363492310916e-09,0.9999999984688657,5.239056550437922e-30
1994-07-31,4.431702758259415e-09,0.9999999955684871,1.8193434223619602e-26
1994-08-31,2.8148391264698382e-09,0.9999999971851139,8.506503256412476e-29
1994-09-30,8.903999525137554e-11,0.9999999999108695,9.587589599183375e-35
1994-10-31,6.15952931068111e-11,0.9999999999386091,5.421590659997597e-34
1994-11-30,8.106110922880551e-08,0.9999999189390143,5.335535539781202e-37
1994-12-31,1.0547106781268398e-07,0.9999998945290882,8.87844417471776e-35
1995-01-31,5.410142450185202e-07,0.9999994589858587,2.8850046294476677e-30
1995-02-28,2.0783775940814254e-06,0.9999979216225936,5.387931872297211e-27
1995-03-31,9.031747865992011e-07,0.9999990968253301,2.9287493938742857e-28
1995-04-30,2.487950132072408e-07,0.9999997512050268,7.33317263255711e-27
1995-05-31,1.8601156155876056e-06,0.9999981398845214,9.507893571347673e-21
1995-06-30,1.3018484111188608e-05,0.9999869815157344,7.663940970070323e-19
1995-07-31,0.000688784605751711,0.9993112153941248,3.480962440792231e-18
1995-08-31,0.194804162391986,0.8051958376082052,1.5320713928332722e-15
1995-09-30,0.9465302220164243,0.0534697779836943,2.6657080943806417e-16
1995-10-31,0.9996676691890197,0.00033233081098184904,4.5536253452916233e-17
1995-11-30,0.9998335416576387,0.000166458342536374,1.5694108292308242e-15
1995-12-31,0.9998888226657121,0.00011117733409823298,1.2718785689366666e-14
1996-01-31,0.9982653120011248,0.0017346879986674115,5.4752858479544086e-14
1996-02-29,0.9962185063702558,0.003781493629741375,1.4196761682688845e-14
1996-03-31,0.9999894197299375,1.0580270224577985e-05,1.3028421202033836e-17
1996-04-30,0.9998986021807525,0.00010139781941648594,6.250506418505008e-18
1996-05-31,0.9995928510506129,0.00040714894917736656,6.94965040032007e-18
1996-06-30,0.9999794461580253,2.055384178648378e-05,1.2231331972970554e-16
1996-07-31,0.9999959054686922,4.094531246463721e-06,4.44065951270784e-20
1996-08-31,0.9997428125644016,0.00025718743566142656,4.058308442693914e-20
1996-09-30,0.9999788019604603,2.119803966853517e-05,2.1324110472428735e-18
1996-10-31,0.9999934028191337,6.597180851537365e-06,7.492118328327843e-16
1996-11-30,0.9999785797151592,2.1420284594689325e-05,1.4430612367229671e-13
1996-12-31,0.9999960390838397,3.9609161446852215e-06,2.1261721849628532e-16
1997-01-31,0.9999906977491916,9.302250880190845e-06,1.4021618238566973e-16
1997-02-28,0.9999995621165958,4.378833858187317e-07,5.57698682735847e-19
1997-03-31,0.9999976575000044,2.3424999696801575e-06,4.493298372950409e-22
1997-04-30,0.9999999994147402,5.852930072982077e-10,8.636965642513173e-22
1997-05-31,0.999999969263627,3.073631595131089e-08,3.225104036095979e-21
1997-06-30,0.9999999990723154,9.276767616349485e-10,9.855604391970113e-21
1997-07-31,0.9999999999840838,1.5785816915243553e-11,1.627879420814674e-17
1997-08-31,0.9999999999968168,3.307169809736982e-12,2.001253473089642e-20
1997-09-30,0.9999999999499778,4.988066989180235e-11,3.483041808554681e-18
1997-10-31,1.0,2.2957088750231788e-17,1.6899719800483013e-18
1997-11-30,0.9999999999995453,3.2846699891322336e-13,3.203042013967902e-17
1997-12-31,1.0,1.0548751435839624e-13,3.178121289510767e-16
1998-01-31,0.9999999999922693,7.63804330263607e-12,5.142769766609023e-14
1998-02-28,0.9999999998653948,1.348219018654094e-10,7.291781968256085e-15
1998-03-31,1.0,1.6027339406963388e-15,4.48528343714121e-17
1998-04-30,0.9999999999854481,1.456043191847109e-11,3.5093106897131435e-16
1998-05-31,0.9999999999672582,3.2539621933531436e-11,8.046643038798658e-15
1998-06-30,0.9999999998435669,1.5643567597489715e-10,1.8821673789943641e-13
1998-07-31,0.9999999971360012,2.8640568155148808e-09,4.8145136910869396e-14
1998-08-31,1.0,1.656427237475445e-16,1.506350286289047e-13
1998-09-30,0.9999999996152837,1.847300256029811e-17,3.8491913814454636e-10
1998-10-31,0.9999999850365385,7.268124413532759e-09,7.695357088038396e-09
1998-11-30,0.9999999704164115,2.946281972199967e-08,1.207034004537523e-10
1998-12-31,0.9999993280409838,6.70757106920543e-07,1.202031969792279e-09
1999-01-31,0.9999995900303406,4.0903732518302614e-07,9.324896078965877e-10
1999-02-28,0.999998885733187,1.1142600938741088e-06,6.664109917759415e-12
1999-03-31,0.9999992466571821,7.53234415483003e-07,1.0860538932609163e-10
1999-04-30,0.9999999242068072,7.568120191409308e-08,1.1198465162384006e-10
1999-05-31,0.9999987366549044,1.263341288872799e-06,3.776981656101065e-12
1999-06-30,0.9999916584040451,8.34158227868751e-06,1.3660313135752909e-11
1999-07-31,0.9999998267208107,1.732790450412402e-07,1.887829161481511e-13
1999-08-31,0.9999999984006536,1.5992978352902285e-09,1.4012146465429886e-14
1999-09-30,0.9999997773639072,2.2263539183806819e-07,4.858799216227629e-13
1999-10-31,0.9999980349040224,1.9650952169925096e-06,7.374786145104441e-13
1999-11-30,0.9999999999699867,3.000587620486055e-11,5.0895345864378525e-15
1999-12-31,0.9999999999281499,7.182920293680668e-11,5.959863115345708e-18
2000-01-31,0.9999999999795364,2.027106656168102e-11,5.931614956445422e-21
2000-02-29,1.0,3.3464477041106917e-15,3.095478565465879e-19
2000-03-31,0.9999999999422471,5.7751565998027414e-11,1.087327406567897e-15
2000-04-30,0.9999999999995453,6.163020887828056e-13,2.3474443552466102e-17
2000-05-31,1.0,4.8794550205900056e-14,1.921054837395368e-17
2000-06-30,0.9999999996966835,3.031684079846414e-10,3.864060800176458e-15
2000-07-31,0.9999999999472493,5.2762427980016156e-11,1.0471287826970049e-16
2000-08-31,0.9999999999949978,4.680146679550955e-12,3.23767455283751e-13
2000-09-30,0.9999999999949978,5.032007874720044e-12,3.20347983422223e-15
2000-10-31,1.0,2.2105362800915403e-16,3.8682948583079725e-16
2000-11-30,1.0,1.3018510643603357e-18,4.801930151603822e-15
2000-12-31,0.9999999999904503,2.029440415145669e-15,9.413201137443396e-12
2001-01-31,0.9999999853553163,1.4496385505646725e-08,1.4844118042372577e-10
2001-02-28,0.9999999977399057,4.066256042397469e-11,2.2192477330046734e-09
2001-03-31,0.9999993809498944,4.6894834722080964e-07,1.5010197956076033e-07
2001-04-30,0.9679722008646188,0.03202779891648117,2.1892582250464223e-10
2001-05-31,0.001858418323386696,0.998141340710313,2.409664165366537e-07
2001-06-30,8.205939088045435e-08,0.9999158016186264,8.411632212862722e-05
2001-07-31,3.2270363605254594e-06,0.8110186054350286,0.1889781675283979
2001-08-31,1.556142204742227e-06,0.0025258222499083397,0.9974726216079434
2001-09-30,9.881872555004191e-16,4.508876421404474e-14,1.0
2001-10-31,3.576652542293411e-18,1.6309428286263996e-26,1.0
2001-11-30,7.999665012007444e-21,1.6841353014257274e-34,1.0
2001-12-31,9.716088845889065e-24,6.649218118426268e-36,1.0
2002-01-31,2.4074727268192744e-25,4.905010165418691e-45,1.0
2002-02-28,3.2245926396796936e-21,1.6694374809685402e-40,1.0
2002-03-31,1.2074242454341675e-14,1.7454865108993056e-33,1.0
2002-04-30,2.5237298781730484e-12,6.624520293657573e-22,0.9999999999972715
2002-05-31,2.1924789446049822e-10,8.013030046741887e-20,0.9999999997808118
2002-06-30,1.9372498150961632e-12,4.290015963680412e-21,0.999999999998181
2002-07-31,2.3245031757200974e-20,1.4432157889488176e-26,1.0
2002-08-31,1.617294759231066e-18,1.7609003929866595e-37,1.0
2002-09-30,6.237190771552738e-20,2.8272243296276813e-39,1.0
2002-10-31,4.239119471945542e-25,1.4647595741057881e-39,1.0
2002-11-30,2.540938820059336e-21,2.9991945167038033e-41,1.0
2002-12-31,1.3437948162895677e-26,2.7593705948365172e-43,1.0
2003-01-31,1.4257685498644369e-28,1.200606916243336e-53,1.0
2003-02-28,1.0820502051192842e-27,4.682347572400857e-56,1.0
2003-03-31,1.1385105229805914e-27,1.4293784070406168e-47,1.0
2003-04-30,6.821373972633576e-23,4.192967441709785e-45,1.0
2003-05-31,3.917782258274778e-18,1.9748134500063456e-42,1.0
2003-06-30,7.207220621665461e-21,2.2536188243488883e-42,1.0
2003-07-31,1.4210008090867248e-27,1.951839896607672e-51,1.0
2003-08-31,1.177979906377971e-23,5.56402979529703e-54,1.0
2003-09-30,1.2258609059657845e-22,7.706775071296904e-53,1.0
2003-10-31,2.8772095618944853e-22,6.032286330196478e-51,1.0
2003-11-30,2.8296335759990764e-20,1.3387849905606507e-46,1.0
2003-12-31,6.5250422521271665e-25,1.7750808641626527e-50,1.0
2004-01-31,2.0885183072042423e-24,3.922179466622622e-50,1.0
2004-02-29,6.708309671551275e-25,2.3790434618275634e-46,1.0
2004-03-31,2.874088862693177e-25,2.524155146620387e-45,1.0
2004-04-30,2.0921748833222452e-24,9.30165623483069e-43,1.0
2004-05-31,7.326140232606786e-25,8.21951905203016e-39,1.0
2004-06-30,1.850336282331348e-24,3.0686383605764547e-37,1.0
2004-07-31,1.266644588293753e-22,1.1026865300713032e-35,1.0
2004-08-31,2.3342629946269468e-20,8.081836437517038e-34,1.0
2004-09-30,1.5720568630495525e-17,1.1008985777095774e-34,1.0
2004-10-31,4.878981743424539e-17,4.690121151096387e-34,1.0
2004-11-30,9.293942671165382e-15,3.5254527719929865e-28,1.0
2004-12-31,4.034988384230803e-10,8.79285808386661e-24,0.9999999995966391
2005-01-31,8.315736453808585e-08,6.651244372776265e-18,0.9999999168426291
2005-02-28,0.00015360065581155748,5.275754253350679e-17,0.9998463993441019
2005-03-31,0.006606686883989063,1.8158889250294354e-13,0.9933933131160503
2005-04-30,0.02899953895984493,1.172140345898741e-09,0.9710004598678811
2005-05-31,0.24493323781445142,1.459836326300668e-12,0.7550667621843117
2005-06-30,0.7985659846749086,3.261343047279579e-10,0.2014340149987814
2005-07-31,0.9846600952491624,2.803835443029489e-07,0.015339624367394762
2005-08-31,0.9986269072123771,4.706364655171663e-10,0.001373092317072974
2005-09-30,0.9999420974279399,4.568572902482028e-08,5.785688624517841e-05
2005-10-31,0.9999972758033253,2.2087927167599744e-19,2.7241965675921625e-06
2005-11-30,0.9999858230112249,4.285216695551195e-14,1.417698884131595e-05
2005-12-31,0.999985099365006,4.651482334162834e-06,1.024915256540426e-05
2006-01-31,0.9999955401712529,1.1780914888925951e-10,4.459710777835742e-06
2006-02-28,0.9999941526232735,3.0104001594965217e-06,2.836976424579228e-06
2006-03-31,0.9999365141160171,6.29843914618438e-05,5.014924524666186e-07
2006-04-30,0.9999995214844838,2.629122045809318e-07,2.1560314670688905e-07
2006-05-31,0.9999968221282433,3.175050300907824e-06,2.8214348890044897e-09
2006-06-30,0.9999996604570364,3.1252807722193255e-07,2.7014904339440542e-08
2006-07-31,0.999995075502131,4.8976260887682946e-06,2.68716014601167e-08
2006-08-31,0.9998258712853171,0.00017389216874950933,2.365457277372057e-07
2006-09-30,0.9994261190131896,0.0005736020394105594,2.7894717639998285e-07
2006-10-31,0.9998582511772278,0.000141605551872525,1.4327078277414422e-07
2006-11-30,0.9999999771371224,1.4845447697564831e-13,2.2862531096466306e-08
2006-12-31,0.9999999904212018,4.000301847170081e-15,9.578942202319632e-09
2007-01-31,0.9999716826194738,2.8145884193309477e-05,1.7149616078819374e-07
2007-02-28,0.9999100990121369,8.97960941137337e-05,1.0489381742935791e-07
2007-03-31,0.999932054343048,6.785757842815758e-05,8.807842097680127e-08
2007-04-30,0.9999615896091267,3.829813839583851e-05,1.122526075267255e-07
2007-05-31,0.9999781471156338,2.1776697282504244e-05,7.618700933999763e-08
2007-06-30,0.9999996483975956,3.27848676810389e-07,2.3753793158005078e-08
2007-07-31,0.9999996668344111,3.0499346294669113e-07,2.8172253844943288e-08
2007-08-31,0.9999697921854649,4.578060752199981e-07,2.975000859458532e-05
2007-09-30,0.9843043161048348,3.363003182036225e-09,0.01569568053205069
2007-10-31,0.780095990115111,1.0737537776156204e-10,0.21990400977765628
2007-11-30,0.00020321540246126668,1.1194564834996295e-12,0.9997967845966443
2007-12-31,4.838987033295312e-09,4.434558778992584e-17,0.9999999951610334
2008-01-31,1.9477875739051294e-16,4.883829234007342e-27,1.0
2008-02-29,2.9781560386014465e-24,7.303360296809673e-39,1.0
2008-03-31,6.443973954056149e-21,4.22121638431959e-44,1.0
2008-04-30,1.2058365072115863e-14,1.2241077308193896e-36,1.0
2008-05-31,4.704225928653538e-11,3.755158100829874e-30,0.999999999953161
2008-06-30,1.1692868975928782e-11,1.683287211496633e-27,0.9999999999881766
2008-07-31,4.312909865966197e-12,3.0480413472481185e-28,0.9999999999959073
2008-08-31,2.7701348442467312e-11,1.5721479279751294e-32,0.9999999999722604
2008-09-30,3.797919764234032e-16,8.00316297476314e-27,1.0
2008-10-31,1.1702459272896896e-30,7.311820467590879e-32,1.0
2008-11-30,1.9936851462017574e-31,6.103586424605068e-58,1.0
2008-12-31,1.3130662978030596e-29,4.9753982483981634e-74,1.0
2009-01-31,3.788190978974013e-47,1.842610635237933e-82,1.0
2009-02-28,8.646995576532497e-54,2.290286153579827e-86,1.0
2009-03-31,3.118464416151935e-46,3.369530722258575e-79,1.0
2009-04-30,1.2885587966729855e-45,3.017905714668546e-73,1.0
2009-05-31,1.2989776919067964e-42,7.887252259574737e-75,1.0
2009-06-30,9.667235936751279e-44,3.297126261752518e-73,1.0
2009-07-31,1.7656256138787634e-37,4.1767493616225265e-71,1.0
2009-08-31,1.1948332963696839e-33,1.582288142369363e-65,1.0
2009-09-30,1.9186280494796172e-25,1.3368513583294558e-57,1.0
2009-10-31,1.6219412849826485e-24,1.4245399279634173e-50,1.0
2009-11-30,5.210712088841575e-25,9.286981428254861e-63,1.0
2009-12-31,3.89462469018147e-29,4.334201632087075e-65,1.0
2010-01-31,8.138737076888874e-32,1.7255259082953807e-61,1.0
2010-02-28,2.370728443588752e-34,5.082538638891211e-62,1.0
2010-03-31,1.4119173530771755e-34,7.830922301340424e-64,1.0
2010-04-30,8.296461994049133e-37,4.583516260662999e-57,1.0
2010-05-31,5.561997647562725e-37,6.624158120773337e-52,1.0
2010-06-30,9.068385633020569e-40,9.297428488180507e-54,1.0
2010-07-31,1.2357639121708877e-40,4.690987567535146e-54,1.0
2010-08-31,4.4557861658492124e-33,2.725724514192335e-53,1.0
2010-09-30,1.7566304536953282e-31,1.5998854118550184e-45,1.0
2010-10-31,2.1411095050867262e-32,7.5034189003573e-43,1.0
2010-11-30,3.546907597845784e-33,1.0569625905278325e-43,1.0
2010-12-31,4.082164004915e-37,3.052839382894288e-43,1.0
2011-01-31,6.367272555399896e-41,1.4249141550152054e-49,1.0
2011-02-28,2.8226162110394992e-36,3.7672304621651607e-53,1.0
2011-03-31,6.093557211892731e-36,2.4564030452820696e-47,1.0
2011-04-30,4.1155387026060396e-37,7.629687902646351e-49,1.0
2011-05-31,8.660442336647268e-34,6.667911500263132e-54,1.0
2011-06-30,3.465320506254824e-32,3.9088675002180196e-53,1.0
2011-07-31,7.53328132947313e-29,6.188119365739612e-51,1.0
2011-08-31,2.7734626240180174e-23,1.7261007564316514e-48,1.0
2011-09-30,2.7595295266813486e-18,7.724244838084916e-38,1.0
2011-10-31,4.6581493041956084e-21,1.1470384885640962e-31,1.0
2011-11-30,2.178353734218522e-21,9.566023193526024e-34,1.0
2011-12-31,6.269364610076981e-19,1.0726821527977717e-30,1.0
2012-01-31,5.450451467159791e-17,1.6594543151296445e-27,1.0
2012-02-29,8.808701452340602e-18,2.3493626729383243e-24,1.0
2012-03-31,4.612225525253392e-21,8.377637109084629e-23,1.0
2012-04-30,3.9616026468556335e-18,1.5645328373155492e-25,1.0
2012-05-31,7.367859111382603e-17,5.98967360654717e-25,1.0
2012-06-30,7.658532981966214e-16,8.576160342568036e-22,1.0
2012-07-31,6.666694932532937e-16,3.0776088109228985e-22,1.0
2012-08-31,5.385450914124086e-16,1.3355279557448335e-23,1.0
2012-09-30,5.889076592026669e-13,2.9094837462891744e-26,0.9999999999995453
2012-10-31,5.787911523718521e-13,1.773066129680347e-20,0.9999999999995453
2012-11-30,9.896524770591889e-11,1.6531356372865182e-21,0.9999999999008651
2012-12-31,1.187455400696684e-13,7.75487332590387e-21,1.0
2013-01-31,5.0807435958872996e-17,5.535378482549719e-27,1.0
2013-02-28,4.833383738256328e-16,2.440195061168511e-27,1.0
2013-03-31,1.0796641680361255e-14,6.724275271764608e-24,1.0
2013-04-30,3.4184037315617125e-14,2.616483866693872e-22,1.0
2013-05-31,1.561396404012395e-17,4.851091157249387e-29,1.0
2013-06-30,8.753903116862985e-23,1.613441405996553e-35,1.0
2013-07-31,3.4079708628371366e-24,3.7735083089640735e-41,1.0
2013-08-31,6.528431892628189e-25,3.993134309453238e-40,1.0
2013-09-30,1.3167682353773437e-24,1.1466182453826161e-38,1.0
2013-10-31,1.8278442356137702e-24,2.1687972398628388e-38,1.0
2013-11-30,1.1584426246430146e-28,7.303859411929418e-40,1.0
2013-12-31,1.7995488793926521e-31,8.123713370459142e-45,1.0
2014-01-31,3.448055963423215e-26,1.9117164561910653e-41,1.0
2014-02-28,1.5752584706757472e-24,5.491010053808644e-39,1.0
2014-03-31,1.385292902811948e-23,3.798215844825195e-37,1.0
2014-04-30,2.3699689333650075e-24,9.48027293067334e-36,1.0
2014-05-31,1.3968655607370442e-20,3.232650968849423e-35,1.0
2014-06-30,3.96837914090518e-20,4.7210124593176435e-29,1.0
2014-07-31,4.539333995444214e-20,1.380119451654221e-26,1.0
2014-08-31,2.1627449739694884e-18,3.7136732539646914e-25,1.0
2014-09-30,4.147461663749221e-19,6.1205449128152295e-24,1.0
2014-10-31,1.0975521939744782e-18,1.7200716671051887e-24,1.0
2014-11-30,1.3309335397528272e-16,3.199367199168268e-23,1.0
2014-12-31,8.396805321940508e-15,2.256921443016075e-21,1.0
2015-01-31,9.770083100676103e-13,3.7978003346698524e-22,0.9999999999990905
2015-02-28,9.967120974814655e-16,5.467295081663477e-22,1.0
2015-03-31,7.205951010973456e-15,1.1325186092765373e-22,1.0
2015-04-30,8.840015589730156e-14,1.7148718035672717e-19,1.0
2015-05-31,2.607026019224672e-14,7.834096566786588e-18,1.0
2015-06-30,1.2100408941338635e-15,1.7366851072778788e-18,1.0
2015-07-31,1.8495859279942234e-14,4.645389429804578e-21,1.0
2015-08-31,1.328001340160337e-12,5.287011433961608e-19,0.9999999999986358
2015-09-30,4.174130976257945e-12,3.8048065280234277e-17,0.9999999999959073
2015-10-31,4.2498303428167496e-13,8.913915133031524e-18,0.9999999999995453
2015-11-30,6.178586912883853e-12,2.3065356492845073e-18,0.9999999999936335
2015-12-31,4.29140799910558e-11,1.5631858329280137e-17,0.9999999999572537
2016-01-31,2.2479091456526087e-11,3.4964388108726075e-18,0.9999999999777174
2016-02-29,2.9771315291970302e-08,2.0712097082008648e-16,0.9999999702286009
2016-03-31,6.215801889280452e-08,3.877590349839252e-17,0.9999999378419507
2016-04-30,2.163192554002773e-08,4.59235352489791e-16,0.9999999783681235
2016-05-31,2.1536488038799785e-07,4.07498350818905e-14,0.999999784634861
2016-06-30,3.793453165382605e-06,9.165858598140142e-12,0.999996206537536
2016-07-31,6.276900534244926e-05,2.2331749144213434e-11,0.999937230972229
2016-08-31,4.819190644851666e-05,3.747017772443176e-10,0.9999518077187046
2016-09-30,1.700861041784129e-05,4.683538522517176e-12,0.9999829913850066
2016-10-31,1.172478853309126e-06,2.279336081242544e-11,0.9999988274983077
2016-11-30,5.071423243737954e-08,3.315381966469438e-14,0.9999999492856673
2016-12-31,1.600440074133093e-07,7.917502061414091e-16,0.9999998399557753
2017-01-31,1.6868677167585092e-07,2.2063592980931804e-18,0.9999998313133034
2017-02-28,8.191949083984319e-07,1.0568444413573028e-18,0.99999918080527
2017-03-31,2.4386350792372234e-07,2.5180395571938733e-15,0.9999997561363059
2017-04-30,1.7613550970041462e-07,1.0411727001592546e-13,0.9999998238645431
2017-05-31,2.4839848519588947e-06,1.4428218788671904e-14,0.9999975160152572
2017-06-30,2.0946939345922063e-06,3.691600976648054e-15,0.999997905305838
2017-07-31,0.00010689454214788858,6.678983482621624e-17,0.9998931054580691
2017-08-31,0.008795449164607203,9.518847453591477e-14,0.9912045508354914
2017-09-30,0.04550593730817992,2.642195876224964e-12,0.9544940626894012
2017-10-31,0.4223503926714897,6.355063016979762e-11,0.5776496072651816
2017-11-30,0.9220214280174466,5.200158931129138e-08,0.0779785199808802
2017-12-31,0.9951772533767267,5.230667177703004e-07,0.0048222235566724265
2018-01-31,0.999912576252409,2.843722605769177e-07,8.713937548794375e-05
2018-02-28,0.9999990921055115,5.04031995534716e-07,4.038624772152388e-07
2018-03-31,0.9999994443098056,1.632988897059436e-07,3.923910994881556e-07
2018-04-30,0.9999993531934979,2.941186151629364e-07,3.526878309675169e-07
2018-05-31,0.9999991574981234,2.545525010610593e-07,5.879494266477285e-07
2018-06-30,0.9999996607280657,6.25241917058942e-08,2.767478453604419e-07
2018-07-31,0.9999950426367927,4.377552338888398e-06,5.798107261866179e-07
2018-08-31,0.9999959037784032,3.257868531790269e-06,8.383530120808774e-07
2018-09-30,0.9999906806917773,8.916170601121645e-06,4.0313759525332384e-07
2018-10-31,0.9999948488603763,5.14882164340846e-06,2.3180959045153354e-09
2018-11-30,0.9995444033811868,0.0004555754233977028,2.1195438126417245e-08
2018-12-31,0.9999919950262013,8.003501350428125e-06,1.4726447126681342e-09
2019-01-31,0.9999118642765118,8.794068674342817e-05,1.9503670957183684e-07
2019-02-28,0.9999577182264627,4.207939142000438e-05,2.023819511159219e-07
2019-03-31,0.9999085449012066,8.989054837243829e-05,1.5645502198802648e-06
2019-04-30,0.9998597166694558,0.00013919291155087442,1.0904191017254622e-06
2019-05-31,0.9999626232998141,3.578308579347482e-05,1.593614500445971e-06
2019-06-30,0.9999645080102105,3.4329681487095714e-05,1.1623083609433168e-06
2019-07-31,0.9999625786248315,3.6191278593352434e-05,1.230096506290741e-06
2019-08-31,0.9999835563736739,9.446339712603133e-06,6.997286789797394e-06
2019-09-30,0.9999447289683338,5.108245863275645e-05,4.188573179386708e-06
2019-10-31,0.9999403468967829,5.698008335541308e-05,2.673019694135305e-06
2019-11-30,0.9999398564665908,3.051970766515502e-05,2.962382572528398e-05
2019-12-31,0.9999482679152716,4.5442405273912725e-07,5.127766056280427e-05
2020-01-31,0.9998939974646314,1.7553068191505275e-05,8.844946725016115e-05
2020-02-29,0.9999610811848675,1.014055109899075e-11,3.891880486439245e-05
2020-03-31,0.9998391168588276,7.36448071708435e-16,0.0001608831409931608
2020-04-30,0.00011385813358989913,2.806023825254e-09,0.9998861390602067
2020-05-31,9.408866027640849e-41,3.9994561863055943e-28,1.0
2020-06-30,2.287647959787377e-41,4.502259249388034e-50,1.0
2020-07-31,1.3194034608136491e-19,2.35858430317176e-53,1.0
2020-08-31,4.694313192020808e-11,3.66245310061214e-30,0.999999999953161
2020-09-30,1.5891769898443237e-09,1.9008181314909216e-20,0.999999998410658
2020-10-31,3.0233664322016372e-09,1.2917929702479535e-18,0.9999999969768396
2020-11-30,1.3538862053984478e-06,2.8486570793704354e-17,0.9999986461139158
2020-12-31,3.19093961681988e-07,3.937676426747525e-15,0.9999996809061086
2021-01-31,4.030463470846862e-07,1.2409258655832986e-18,0.9999995969538662
2021-02-28,6.7005401164092505e-09,4.454343590854581e-22,0.9999999932992978
2021-03-31,3.9934549266311175e-12,1.0538111510168844e-41,0.9999999999959073
2021-04-30,5.8680162725518355e-12,1.9556991215168043e-40,0.9999999999940883
2021-05-31,1.3494130720156508e-41,4.366579065443251e-27,1.0
2021-06-30,1.4902331779752464e-33,1.7866790849943174e-40,1.0
2021-07-31,1.1065642352775837e-16,4.950399622488209e-49,1.0
2021-08-31,5.056312247047283e-12,7.930175451837772e-29,0.9999999999949978
2021-09-30,5.120312886101116e-12,3.405979869032247e-25,0.9999999999949978
2021-10-31,2.355539674542283e-09,4.6051746383867155e-25,0.9999999976444087
2021-11-30,9.499110128199047e-06,6.878094407370565e-18,0.9999905008900045
2021-12-31,0.0034841918238120674,3.3312553681749637e-14,0.996515808176047
2022-01-31,0.9412013882512832,1.4545435029678528e-15,0.05879861174865417
2022-02-28,0.999904046532686,3.38565573259409e-13,9.595346675049972e-05
2022-03-31,0.9999994896644632,1.7603437720150275e-11,5.103177993321423e-07
2022-04-30,0.9999999999954525,1.3616189620946396e-17,4.320719830748721e-12
2022-05-31,0.9999999991568984,1.287836702436911e-13,8.429187682699094e-10
2022-06-30,0.9999999999977263,1.1964881670393712e-13,2.363160805368024e-12
2022-07-31,0.9999999993019628,2.1236012601466243e-11,6.769224166062664e-10
2022-08-31,0.9999398612379677,6.013876196212851e-05,7.483221990701761e-14
2022-09-30,0.011766640993668349,0.9882333590061476,6.809822880188386e-20
2022-10-31,2.3133343249995086e-06,0.9999976866656125,1.695525422796236e-25
2022-11-30,8.953254489337329e-10,0.9999999991046025,9.581716351359629e-24
2022-12-31,2.802882630936315e-10,0.9999999997198756,2.760004851476918e-26
2023-01-31,7.636249375844738e-12,0.9999999999922693,4.5880449556476146e-30
2023-02-28,7.972909886322185e-17,1.0,3.417520054998565e-27
2023-03-31,4.409687760273817e-11,0.9999999999558895,2.5632318505845618e-21
2023-04-30,4.745542294562669e-10,0.9999999995252438,2.1101902235391862e-23
2023-05-31,1.0484134343961562e-12,0.9999999999990905,3.269837478381916e-29
2023-06-30,1.2930492116276678e-16,1.0,2.423415226638983e-29
2023-07-31,5.35163703587649e-16,1.0,6.39475424299386e-26
2023-08-31,4.558409321200637e-13,0.9999999999995453,1.5023732347694647e-21
2023-09-30,2.077891092423426e-09,0.9999999979222594,1.8339625170042762e-22
2023-10-31,1.090606785202539e-08,0.9999999890937943,1.47828317338937e-24
2023-11-30,1.7914062891601852e-09,0.9999999982087502,5.5180057396058475e-19
2023-12-31,6.630033783219061e-08,0.9999999336996575,1.1685588947191757e-16
2024-01-31,1.5166984027161837e-06,0.9999984833014102,1.881359290843194e-18
2024-02-29,4.434425672535072e-08,0.9999999556557678,3.1381875824872546e-19
2024-03-31,4.62958528516747e-08,0.9999999537039923,1.1102944277533863e-18
2024-04-30,5.205002899390644e-09,0.9999999947949618,1.1396455182283566e-20
2024-05-31,2.2721109887965097e-08,0.9999999772790036,2.560040453051601e-17
2024-06-30,7.176298968136929e-07,0.9999992823702842,3.198410351311878e-14
2024-07-31,0.0004481256898331025,0.9995518743099685,1.1197269692830264e-14
2024-08-31,0.00034861281338351423,0.9996513871859383,5.482018806633572e-13
2024-09-30,0.002701120682219802,0.9972988793175039,7.985026259522976e-14
2024-10-31,0.0041334977902809525,0.9958665022096311,7.415031231783883e-17
2024-11-30,0.0001496938297207022,0.9998503061704388,1.7043389514344954e-15
2024-12-31,4.125381396133869e-05,0.9999587461858415,4.094547861728229e-13
2025-01-31,0.03141224916655916,0.9685877508276872,5.821225181321336e-12
2025-02-28,0.9529169282261188,0.047083071771311574,2.544934036607109e-12
2025-03-31,0.9793418277169763,0.020658172282782657,1.8726008463298157e-13
2025-04-30,0.9711360071860765,0.02886399281372846,6.378492261018553e-15
2025-05-31,0.4488477155645564,0.5511522844355667,5.978060575973535e-15
2025-06-30,0.12648560311742946,0.8735143968827078,1.1650459636089248e-14
2025-07-31,0.012142763670404993,0.9878572363294207,3.269057689670868e-15
2025-08-31,0.001360073846078122,0.9986399261540982,2.3963291357463043e-14
2025-09-30,0.0004301381490980593,0.9995698618507532,1.0782605158068151e-13
2025-10-31,0.0005348736809751926,0.999465126318834,1.8904232140095587e-14
2025-11-30,0.000763074871953202,0.9992369251277052,1.980699912513548e-13
2025-12-31,0.002634424115574183,0.9973655758842509,1.6645067026548444e-13
2026-01-31,0.09891467192927361,0.9010853280651527,5.3470063155429104e-12
2026-03-31,0.9996855897478315,0.0003144102379646225,1.4111085115469859e-11
2026-04-30,0.9999991433418504,8.566368690678275e-07,2.130833279864065e-11
2026-05-31,0.9999957425283946,4.257464557886417e-06,7.125371412694404e-12
2026-06-30,0.9997743985405496,0.00022560145800555462,1.2424445281084832e-12
2026-07-31,0.9655340702397504,0.03446592975254165,7.872017187251372e-12
